annee,arrondissement,code_postal,ville,nb_plai,nb_plus,nb_pls
2001,15,75015,Paris,10,10,0
2001,14,75014,Paris,0,96,96
2001,19,75019,Paris,0,1,0
2002,13,75013,Paris,0,34,0
2002,18,75018,Paris,0,56,0
2003,13,75013,Paris,0,0,9
2003,5,75005,Paris,0,6,0
2003,17,75017,Paris,0,0,43
2003,1,75001,Paris,0,21,0
2003,19,75019,Paris,0,22,47
2004,12,75012,Paris,0,11,0
2004,11,75011,Paris,0,14,0
2004,20,75020,Paris,0,55,50
2004,9,75009,Paris,2,8,0
2004,18,75018,Paris,0,3,0
2004,10,75010,Paris,9,15,9
2004,13,75013,Paris,4,0,0
2005,19,75019,Paris,0,0,35
2005,1,75001,Paris,6,7,0
2005,12,75012,Paris,1,0,0
2005,15,75015,Paris,6,0,0
2005,17,75017,Paris,1,0,0
2005,20,75020,Paris,0,18,0
2006,11,75011,Paris,0,12,0
2006,18,75018,Paris,0,19,0
2006,15,75015,Paris,33,66,28
2007,19,75019,Paris,0,3,0
2007,11,75011,Paris,7,0,0
2007,18,75018,Paris,0,0,3
2007,18,75018,Paris,0,4,0
2007,15,75015,Paris,30,0,0
2007,9,75009,Paris,34,0,0
2007,5,75005,Paris,8,24,0
2007,10,75010,Paris,20,0,0
2007,18,75018,Paris,0,11,0
2007,18,75018,Paris,4,0,0
2007,18,75018,Paris,0,1,0
2007,15,75015,Paris,0,1,0
2008,10,75010,Paris,33,0,0
2008,11,75011,Paris,0,0,4
2008,12,75012,Paris,22,0,0
2008,12,75012,Paris,5,12,8
2008,19,75019,Paris,27,0,0
2008,12,75012,Paris,1,0,0
2008,2,75002,Paris,0,2,0
2008,4,75004,Paris,0,12,0
2008,18,75018,Paris,3,16,16
2008,11,75011,Paris,20,0,0
2009,13,75013,Paris,25,0,0
2009,20,75020,Paris,3,19,3
2009,12,75012,Paris,0,4,0
2009,19,75019,Paris,40,0,0
2009,19,75019,Paris,0,0,30
2009,15,75015,Paris,0,1,0
2009,12,75012,Paris,9,19,9
2009,11,75011,Paris,4,14,2
2009,17,75017,Paris,3,0,0
2009,18,75018,Paris,0,1,0
2009,13,75013,Paris,0,1,0
2009,13,75013,Paris,0,1,0
2010,18,75018,Paris,0,5,0
2010,11,75011,Paris,1,16,4
2010,19,75019,Paris,0,0,17
2010,12,75012,Paris,1,25,10
2010,14,75014,Paris,18,38,18
2010,18,75018,Paris,1,3,1
2010,20,75020,Paris,0,4,0
2010,19,75019,Paris,0,43,0
2010,2,75002,Paris,1,3,0
2010,20,75020,Paris,0,16,17
2010,13,75013,Paris,0,1,0
2010,20,75020,Paris,0,10,5
2011,19,75019,Paris,151,0,0
2011,13,75013,Paris,0,2,0
2011,13,75013,Paris,0,0,36
2011,14,75014,Paris,3,7,0
2011,9,75009,Paris,0,0,20
2011,16,75016,Paris,0,0,30
2011,13,75013,Paris,14,56,70
2011,11,75011,Paris,0,79,0
2011,17,75017,Paris,3,10,6
2012,11,75011,Paris,77,0,0
2012,12,75012,Paris,92,0,0
2012,12,75012,Paris,0,1,0
2012,18,75018,Paris,2,6,0
2012,13,75013,Paris,0,0,163
2012,19,75019,Paris,29,69,98
2012,15,75015,Paris,36,75,37
2012,5,75005,Paris,1,0,0
2012,20,75020,Paris,6,37,25
2012,19,75019,Paris,0,0,35
2012,16,75016,Paris,0,1,0
2012,13,75013,Paris,0,0,16
2012,13,75013,Paris,0,0,1
2012,10,75010,Paris,0,0,5
2013,17,75017,Paris,39,0,0
2013,15,75015,Paris,0,8,0
2013,20,75020,Paris,0,2,0
2013,7,75007,Paris,0,0,1
2013,5,75005,Paris,0,0,16
2013,13,75013,Paris,0,0,35
2013,9,75009,Paris,0,1,0
2013,19,75019,Paris,51,22,0
2013,9,75009,Paris,0,1,0
2013,16,75016,Paris,0,1,0
2013,19,75019,Paris,0,2,0
2013,4,75004,Paris,0,28,27
2013,14,75014,Paris,16,21,16
2013,16,75016,Paris,17,22,16
2013,10,75010,Paris,0,63,32
2013,18,75018,Paris,0,0,9
2014,12,75012,Paris,0,0,63
2014,18,75018,Paris,20,0,0
2014,5,75005,Paris,6,10,7
2014,18,75018,Paris,3,7,4
2014,18,75018,Paris,12,16,12
2014,12,75012,Paris,0,0,67
2014,5,75005,Paris,1,8,0
2014,18,75018,Paris,0,8,8
2014,18,75018,Paris,60,0,0
2014,20,75020,Paris,0,0,253
2014,18,75018,Paris,2,0,0
2015,20,75020,Paris,14,0,0
2015,5,75005,Paris,6,4,0
2015,17,75017,Paris,0,1,0
2015,20,75020,Paris,0,5,0
2016,14,75014,Paris,0,0,257
2016,13,75013,Paris,0,0,47
2016,12,75012,Paris,8,6,0
2016,14,75014,Paris,0,0,71
2016,19,75019,Paris,0,10,32
2016,18,75018,Paris,2,3,0
2017,9,75009,Paris,8,9,0
2017,13,75013,Paris,2,0,0
2017,17,75017,Paris,9,9,0
2017,12,75012,Paris,19,16,13
2017,18,75018,Paris,5,8,5
2017,9,75009,Paris,8,12,8
2017,11,75011,Paris,2,5,2
2017,10,75010,Paris,3,4,4
2017,20,75020,Paris,10,13,11
2017,15,75015,Paris,5,13,5
2018,9,75009,Paris,0,4,0
2018,12,75012,Paris,0,1,0
2018,18,75018,Paris,0,1,0
2018,15,75015,Paris,103,102,51
2018,13,75013,Paris,0,0,8
2018,12,75012,Paris,18,24,18
2019,18,75018,Paris,7,5,0
2019,13,75013,Paris,0,81,0
2019,10,75010,Paris,17,12,0
2019,15,75015,Paris,1,0,0
2019,6,75006,Paris,0,0,19
2020,16,75016,Paris,1,0,0
2020,17,75017,Paris,1,0,0
2020,10,75010,Paris,1,0,1
2020,20,75020,Paris,6,8,6
2020,10,75010,Paris,18,12,0
2020,4,75004,Paris,11,0,71
2020,11,75011,Paris,0,0,27
2021,13,75013,Paris,0,0,1
2021,13,75013,Paris,0,0,1
2021,15,75015,Paris,0,0,1
2021,18,75018,Paris,0,0,11
2021,12,75012,Paris,7,5,5
2021,17,75017,Paris,1,0,0
2021,17,75017,Paris,2,2,3
2021,19,75019,Paris,0,0,8
2021,20,75020,Paris,52,35,0
2021,18,75018,Paris,18,25,18
2021,2,75002,Paris,8,5,0
2021,20,75020,Paris,5,6,5
2021,5,75005,Paris,15,10,0
2022,4,75004,Paris,0,1,0
2022,13,75013,Paris,0,2,0
2022,2,75002,Paris,2,3,0
2022,11,75011,Paris,0,41,0
2022,15,75015,Paris,7,5,6
2022,20,75020,Paris,0,0,60
2023,20,75020,Paris,4,0,0
2023,20,75020,Paris,0,0,36
2023,14,75014,Paris,1,0,0
2023,17,75017,Paris,10,10,9
2024,20,75020,Paris,4,4,3
2024,15,75015,Paris,0,24,54
2024,7,75007,Paris,11,7,0
2024,10,75010,Paris,0,22,0
2024,11,75011,Paris,5,3,5
2024,10,75010,Paris,2,0,0
2024,14,75014,Paris,7,7,6
2024,19,75019,Paris,0,19,0
2001,20,75020,Paris,0,16,0
2001,18,75018,Paris,0,0,69
2001,12,75012,Paris,0,39,0
2002,13,75013,Paris,12,44,28
2002,11,75011,Paris,52,0,0
2003,13,75013,Paris,0,0,15
2003,20,75020,Paris,13,0,0
2003,16,75016,Paris,6,16,0
2003,20,75020,Paris,0,0,5
2003,17,75017,Paris,16,0,0
2003,17,75017,Paris,25,0,0
2004,20,75020,Paris,0,4,0
2004,19,75019,Paris,0,0,24
2004,14,75014,Paris,4,17,0
2004,15,75015,Paris,0,7,0
2004,10,75010,Paris,1,0,0
2004,11,75011,Paris,45,0,0
2005,18,75018,Paris,0,243,0
2005,15,75015,Paris,0,56,56
2005,11,75011,Paris,0,0,18
2005,18,75018,Paris,0,0,4
2005,18,75018,Paris,0,0,6
2005,12,75012,Paris,0,32,0
2005,8,75008,Paris,13,0,0
2005,18,75018,Paris,0,6,0
2005,3,75003,Paris,0,0,14
2005,3,75003,Paris,3,7,0
2006,19,75019,Paris,0,0,173
2006,19,75019,Paris,0,0,187
2006,11,75011,Paris,0,2,0
2006,18,75018,Paris,0,20,0
2006,18,75018,Paris,0,7,0
2006,20,75020,Paris,2,0,0
2007,18,75018,Paris,26,0,0
2007,20,75020,Paris,0,6,0
2007,9,75009,Paris,4,6,0
2007,11,75011,Paris,8,15,9
2007,9,75009,Paris,4,9,0
2007,17,75017,Paris,0,0,0
2007,20,75020,Paris,0,30,0
2007,11,75011,Paris,54,0,0
2007,18,75018,Paris,0,8,0
2007,14,75014,Paris,0,0,344
2007,15,75015,Paris,0,5,0
2007,19,75019,Paris,0,2,10
2008,20,75020,Paris,126,0,0
2008,10,75010,Paris,5,14,6
2008,15,75015,Paris,0,0,29
2008,9,75009,Paris,17,50,17
2008,15,75015,Paris,28,0,0
2008,17,75017,Paris,0,11,0
2008,11,75011,Paris,8,16,0
2008,12,75012,Paris,25,0,0
2008,13,75013,Paris,0,0,42
2008,1,75001,Paris,0,7,0
2008,3,75003,Paris,0,5,0
2008,19,75019,Paris,0,1,0
2008,18,75018,Paris,18,0,0
2008,20,75020,Paris,2,2,0
2008,15,75015,Paris,0,0,11
2008,20,75020,Paris,6,8,0
2009,20,75020,Paris,1,0,0
2009,17,75017,Paris,40,0,0
2009,17,75017,Paris,5,11,0
2009,17,75017,Paris,0,4,0
2009,19,75019,Paris,0,10,42
2009,15,75015,Paris,0,4,0
2009,18,75018,Paris,0,1,0
2009,12,75012,Paris,35,30,0
2009,17,75017,Paris,2,6,3
2009,13,75013,Paris,230,0,0
2009,15,75015,Paris,0,3,0
2009,14,75014,Paris,2,6,4
2009,13,75013,Paris,5,11,0
2009,16,75016,Paris,36,0,0
2009,11,75011,Paris,2,12,5
2009,15,75015,Paris,0,8,2
2009,18,75018,Paris,0,1,0
2009,11,75011,Paris,4,9,4
2009,20,75020,Paris,0,4,0
2009,19,75019,Paris,0,2,0
2009,20,75020,Paris,0,0,18
2009,6,75006,Paris,0,1,0
2009,5,75005,Paris,0,1,0
2010,20,75020,Paris,0,0,49
2010,4,75004,Paris,0,7,0
2010,8,75008,Paris,4,11,3
2010,16,75016,Paris,6,17,6
2010,1,75001,Paris,2,3,0
2010,11,75011,Paris,5,12,0
2010,14,75014,Paris,0,112,0
2010,12,75012,Paris,6,13,5
2010,10,75010,Paris,0,1,0
2010,19,75019,Paris,0,147,0
2010,10,75010,Paris,4,10,0
2010,10,75010,Paris,0,14,0
2010,13,75013,Paris,0,1,0
2010,18,75018,Paris,0,1,0
2010,19,75019,Paris,0,6,9
2010,10,75010,Paris,4,7,3
2011,16,75016,Paris,0,1,0
2011,14,75014,Paris,0,6,2
2011,11,75011,Paris,0,2,0
2011,15,75015,Paris,4,15,4
2011,13,75013,Paris,0,1,0
2011,16,75016,Paris,0,2,0
2011,4,75004,Paris,0,15,0
2011,12,75012,Paris,1,6,1
2011,19,75019,Paris,0,0,12
2011,19,75019,Paris,0,6,0
2012,20,75020,Paris,129,0,0
2012,10,75010,Paris,0,3,0
2012,9,75009,Paris,5,5,2
2012,14,75014,Paris,1,0,0
2012,20,75020,Paris,1,4,4
2012,16,75016,Paris,1,0,1
2012,20,75020,Paris,0,1,0
2012,12,75012,Paris,6,9,6
2012,13,75013,Paris,0,1,0
2013,20,75020,Paris,24,0,0
2013,11,75011,Paris,3,10,3
2013,11,75011,Paris,18,26,5
2013,11,75011,Paris,0,1,0
2013,12,75012,Paris,1,0,0
2013,17,75017,Paris,0,1,0
2013,20,75020,Paris,0,0,36
2013,17,75017,Paris,23,55,33
2013,19,75019,Paris,0,0,73
2014,1,75001,Paris,5,6,0
2014,20,75020,Paris,0,61,0
2014,20,75020,Paris,0,0,1
2014,5,75005,Paris,22,40,27
2014,19,75019,Paris,0,0,50
2014,19,75019,Paris,0,14,0
2014,10,75010,Paris,1,0,0
2015,13,75013,Paris,3,0,0
2015,13,75013,Paris,1,0,0
2015,10,75010,Paris,0,1,0
2015,14,75014,Paris,0,0,18
2015,14,75014,Paris,0,0,7
2015,10,75010,Paris,8,6,0
2015,11,75011,Paris,17,22,16
2015,14,75014,Paris,1,0,0
2015,19,75019,Paris,0,0,9
2016,20,75020,Paris,20,83,104
2016,20,75020,Paris,25,0,0
2016,17,75017,Paris,9,10,0
2016,19,75019,Paris,0,1,0
2016,9,75009,Paris,1,0,0
2016,10,75010,Paris,16,8,4
2016,12,75012,Paris,3,0,0
2016,3,75003,Paris,1,0,0
2017,20,75020,Paris,22,0,0
2017,18,75018,Paris,5,4,0
2017,13,75013,Paris,6,0,0
2017,19,75019,Paris,0,90,22
2017,11,75011,Paris,19,11,8
2017,18,75018,Paris,0,1,0
2017,15,75015,Paris,114,0,0
2017,15,75015,Paris,17,28,10
2017,17,75017,Paris,9,10,0
2017,15,75015,Paris,5,14,5
2018,19,75019,Paris,0,0,93
2018,18,75018,Paris,0,1,0
2018,11,75011,Paris,101,61,40
2018,18,75018,Paris,75,0,0
2018,13,75013,Paris,0,15,0
2018,11,75011,Paris,8,6,2
2018,19,75019,Paris,0,0,3
2018,15,75015,Paris,13,14,0
2018,18,75018,Paris,6,5,0
2018,19,75019,Paris,0,0,2
2018,6,75006,Paris,21,0,0
2018,13,75013,Paris,0,45,30
2019,13,75013,Paris,0,0,2
2019,19,75019,Paris,0,0,4
2019,20,75020,Paris,0,0,35
2019,14,75014,Paris,0,68,0
2019,20,75020,Paris,1,0,0
2019,13,75013,Paris,0,0,1
2019,12,75012,Paris,1,0,0
2019,15,75015,Paris,53,36,0
2019,17,75017,Paris,1,1,0
2020,18,75018,Paris,4,4,2
2020,13,75013,Paris,0,0,1
2020,18,75018,Paris,0,0,6
2020,17,75017,Paris,4,2,0
2020,17,75017,Paris,4,20,17
2020,13,75013,Paris,0,0,15
2020,12,75012,Paris,25,31,25
2020,16,75016,Paris,13,9,0
2021,15,75015,Paris,0,0,90
2021,17,75017,Paris,19,0,0
2021,18,75018,Paris,3,6,3
2021,11,75011,Paris,17,12,0
2021,11,75011,Paris,5,6,5
2022,18,75018,Paris,1,0,0
2022,3,75003,Paris,3,3,2
2022,14,75014,Paris,4,5,5
2022,15,75015,Paris,7,9,7
2022,19,75019,Paris,0,0,16
2022,3,75003,Paris,3,0,0
2022,15,75015,Paris,20,0,0
2022,5,75005,Paris,0,33,0
2022,11,75011,Paris,5,4,0
2022,20,75020,Paris,0,0,15
2023,6,75006,Paris,0,36,12
2023,18,75018,Paris,10,6,0
2023,12,75012,Paris,16,16,0
2023,20,75020,Paris,25,25,0
2024,13,75013,Paris,0,0,1
2024,5,75005,Paris,0,16,0
2024,15,75015,Paris,0,0,3
2024,17,75017,Paris,7,5,0
2024,3,75003,Paris,4,3,3
2024,10,75010,Paris,5,4,0
2024,15,75015,Paris,33,0,0
2001,12,75012,Paris,0,62,0
2001,19,75019,Paris,10,8,0
2001,20,75020,Paris,0,6,0
2001,10,75010,Paris,0,22,6
2001,14,75014,Paris,0,15,23
2001,19,75019,Paris,0,8,0
2001,15,75015,Paris,18,0,0
2002,9,75009,Paris,0,7,0
2002,20,75020,Paris,0,19,0
2002,3,75003,Paris,5,11,0
2002,10,75010,Paris,0,13,0
2002,16,75016,Paris,5,0,0
2002,15,75015,Paris,11,34,0
2002,14,75014,Paris,0,0,14
2002,18,75018,Paris,0,5,0
2002,14,75014,Paris,0,4,0
2003,19,75019,Paris,0,0,83
2003,15,75015,Paris,0,10,4
2003,16,75016,Paris,6,21,0
2003,20,75020,Paris,0,21,0
2003,18,75018,Paris,8,0,0
2003,11,75011,Paris,0,53,0
2003,19,75019,Paris,0,268,0
2004,9,75009,Paris,0,11,0
2004,12,75012,Paris,16,66,0
2004,11,75011,Paris,5,17,0
2004,10,75010,Paris,0,26,0
2004,13,75013,Paris,0,0,18
2004,3,75003,Paris,7,15,7
2004,11,75011,Paris,0,18,0
2004,15,75015,Paris,6,0,0
2004,14,75014,Paris,3,7,0
2005,20,75020,Paris,0,0,10
2005,14,75014,Paris,0,124,0
2005,7,75007,Paris,16,50,0
2005,11,75011,Paris,4,0,0
2005,10,75010,Paris,21,42,20
2006,3,75003,Paris,4,4,0
2006,13,75013,Paris,0,20,0
2006,18,75018,Paris,0,5,0
2006,11,75011,Paris,0,3,0
2006,15,75015,Paris,15,0,0
2006,14,75014,Paris,0,12,0
2006,18,75018,Paris,7,0,0
2007,3,75003,Paris,2,4,0
2007,19,75019,Paris,0,7,14
2007,20,75020,Paris,4,0,0
2007,20,75020,Paris,6,12,0
2007,18,75018,Paris,3,0,0
2007,15,75015,Paris,1,0,0
2007,1,75001,Paris,1,0,0
2007,14,75014,Paris,6,0,0
2007,12,75012,Paris,0,35,0
2007,12,75012,Paris,0,202,0
2007,8,75008,Paris,1,25,0
2007,16,75016,Paris,0,3,0
2007,19,75019,Paris,0,1,0
2008,4,75004,Paris,3,8,0
2008,13,75013,Paris,0,0,182
2008,20,75020,Paris,5,10,6
2008,17,75017,Paris,0,1,0
2008,20,75020,Paris,3,2,0
2008,14,75014,Paris,7,39,19
2008,5,75005,Paris,20,115,57
2008,4,75004,Paris,0,6,0
2008,12,75012,Paris,0,2,0
2009,20,75020,Paris,1,0,0
2009,19,75019,Paris,0,90,0
2009,15,75015,Paris,0,3,0
2009,13,75013,Paris,0,8,2
2009,13,75013,Paris,0,10,0
2009,17,75017,Paris,2,8,2
2009,16,75016,Paris,0,78,45
2010,19,75019,Paris,0,102,0
2010,2,75002,Paris,0,5,0
2010,17,75017,Paris,0,1,0
2010,20,75020,Paris,0,5,5
2010,15,75015,Paris,10,0,0
2010,5,75005,Paris,0,1,0
2010,20,75020,Paris,0,1,0
2010,11,75011,Paris,3,5,0
2010,20,75020,Paris,0,0,8
2010,18,75018,Paris,0,0,0
2011,11,75011,Paris,2,9,0
2011,11,75011,Paris,15,29,10
2011,16,75016,Paris,0,1,0
2011,4,75004,Paris,0,17,0
2011,13,75013,Paris,9,37,46
2011,15,75015,Paris,49,0,0
2011,17,75017,Paris,26,59,38
2011,20,75020,Paris,0,4,0
2012,20,75020,Paris,0,1,0
2012,20,75020,Paris,2,5,4
2012,8,75008,Paris,0,2,0
2012,20,75020,Paris,0,28,0
2012,11,75011,Paris,2,5,2
2012,11,75011,Paris,0,34,85
2012,19,75019,Paris,0,0,79
2013,18,75018,Paris,0,35,0
2013,16,75016,Paris,0,58,0
2013,17,75017,Paris,50,0,0
2014,5,75005,Paris,0,1,0
2014,8,75008,Paris,53,0,0
2014,9,75009,Paris,6,9,2
2014,14,75014,Paris,1,0,0
2014,15,75015,Paris,2,0,0
2014,16,75016,Paris,62,112,74
2014,18,75018,Paris,21,36,24
2014,20,75020,Paris,10,0,0
2014,14,75014,Paris,0,0,21
2014,12,75012,Paris,6,6,0
2014,19,75019,Paris,106,0,0
2014,17,75017,Paris,24,39,11
2014,20,75020,Paris,3,10,7
2014,17,75017,Paris,16,40,23
2014,14,75014,Paris,1,4,2
2015,10,75010,Paris,0,1,0
2015,17,75017,Paris,0,1,0
2015,19,75019,Paris,0,0,47
2015,16,75016,Paris,1,0,0
2015,15,75015,Paris,0,141,0
2015,4,75004,Paris,0,1,0
2015,5,75005,Paris,15,0,0
2015,12,75012,Paris,39,23,17
2015,15,75015,Paris,6,0,0
2015,15,75015,Paris,1,0,0
2015,17,75017,Paris,0,0,42
2015,11,75011,Paris,11,0,0
2015,18,75018,Paris,0,5,0
2015,20,75020,Paris,0,0,10
2016,15,75015,Paris,1,0,0
2016,20,75020,Paris,7,10,7
2016,13,75013,Paris,0,0,14
2016,12,75012,Paris,12,12,0
2016,17,75017,Paris,8,6,0
2016,20,75020,Paris,81,202,121
2016,12,75012,Paris,6,5,3
2016,11,75011,Paris,0,0,13
2016,18,75018,Paris,5,4,0
2017,16,75016,Paris,1,0,0
2017,20,75020,Paris,0,0,1
2017,15,75015,Paris,6,5,3
2017,19,75019,Paris,0,0,1
2017,17,75017,Paris,5,11,0
2017,18,75018,Paris,28,0,0
2017,15,75015,Paris,0,0,17
2017,5,75005,Paris,0,1,0
2017,11,75011,Paris,4,5,4
2018,11,75011,Paris,1,0,0
2018,17,75017,Paris,0,7,0
2018,18,75018,Paris,0,2,0
2018,11,75011,Paris,12,16,38
2018,17,75017,Paris,5,0,0
2018,14,75014,Paris,0,0,35
2018,18,75018,Paris,28,0,0
2018,11,75011,Paris,1,0,0
2018,1,75001,Paris,17,17,0
2018,13,75013,Paris,0,274,183
2019,17,75017,Paris,0,1,0
2019,17,75017,Paris,1,0,0
2019,3,75003,Paris,7,5,3
2019,14,75014,Paris,0,0,15
2019,13,75013,Paris,0,0,1
2019,10,75010,Paris,15,9,6
2019,20,75020,Paris,7,7,15
2020,13,75013,Paris,2,0,0
2020,13,75013,Paris,2,0,0
2020,14,75014,Paris,1,0,0
2020,13,75013,Paris,0,0,2
2020,14,75014,Paris,76,0,0
2021,13,75013,Paris,0,0,2
2021,13,75013,Paris,0,0,3
2021,4,75004,Paris,7,5,0
2021,18,75018,Paris,1,0,0
2021,20,75020,Paris,8,4,4
2021,13,75013,Paris,5,0,4
2021,9,75009,Paris,1,0,0
2021,13,75013,Paris,0,58,88
2021,18,75018,Paris,0,35,103
2021,20,75020,Paris,0,0,21
2022,13,75013,Paris,0,1,0
2022,17,75017,Paris,1,0,0
2022,19,75019,Paris,12,17,12
2022,17,75017,Paris,11,8,0
2022,14,75014,Paris,1,0,0
2023,19,75019,Paris,0,0,20
2023,15,75015,Paris,8,0,8
2023,14,75014,Paris,1,0,6
2023,10,75010,Paris,30,30,26
2023,18,75018,Paris,11,0,0
2023,17,75017,Paris,7,5,0
2023,18,75018,Paris,6,7,5
2023,4,75004,Paris,5,3,2
2023,14,75014,Paris,6,6,6
2024,13,75013,Paris,0,0,1
2024,7,75007,Paris,2,2,0
2024,20,75020,Paris,17,16,15
2001,12,75012,Paris,0,18,0
2001,12,75012,Paris,12,0,0
2001,14,75014,Paris,64,0,0
2001,12,75012,Paris,0,0,24
2001,13,75013,Paris,0,103,0
2001,13,75013,Paris,0,39,60
2001,18,75018,Paris,0,16,0
2001,6,75006,Paris,0,5,0
2001,19,75019,Paris,0,0,21
2002,2,75002,Paris,0,30,0
2002,10,75010,Paris,0,9,0
2002,2,75002,Paris,0,11,0
2002,10,75010,Paris,17,31,0
2002,13,75013,Paris,0,0,30
2003,13,75013,Paris,0,0,29
2003,9,75009,Paris,28,98,13
2003,9,75009,Paris,0,22,0
2003,9,75009,Paris,2,7,0
2003,10,75010,Paris,0,45,0
2003,19,75019,Paris,0,4,0
2003,13,75013,Paris,32,0,0
2004,2,75002,Paris,6,21,0
2004,18,75018,Paris,0,42,0
2004,10,75010,Paris,0,6,10
2004,9,75009,Paris,0,4,0
2004,13,75013,Paris,0,5,0
2004,10,75010,Paris,6,14,6
2004,14,75014,Paris,4,0,0
2004,13,75013,Paris,0,76,0
2004,20,75020,Paris,11,33,0
2005,12,75012,Paris,5,0,0
2005,17,75017,Paris,18,0,0
2005,15,75015,Paris,1,8,8
2005,10,75010,Paris,0,3,0
2005,3,75003,Paris,4,17,0
2005,18,75018,Paris,10,15,0
2005,18,75018,Paris,6,12,0
2006,18,75018,Paris,0,10,0
2006,15,75015,Paris,0,0,16
2006,12,75012,Paris,1,0,0
2006,6,75006,Paris,7,8,0
2006,14,75014,Paris,0,206,0
2006,12,75012,Paris,0,0,6
2006,20,75020,Paris,2,0,0
2006,19,75019,Paris,0,0,166
2006,18,75018,Paris,0,12,0
2006,5,75005,Paris,2,5,7
2006,14,75014,Paris,16,0,0
2006,19,75019,Paris,0,9,0
2007,12,75012,Paris,0,9,3
2007,4,75004,Paris,3,0,0
2007,19,75019,Paris,9,0,0
2007,20,75020,Paris,9,0,0
2007,20,75020,Paris,240,0,0
2007,20,75020,Paris,0,5,0
2007,19,75019,Paris,0,0,8
2007,15,75015,Paris,0,7,0
2008,19,75019,Paris,29,0,0
2008,17,75017,Paris,1,8,0
2008,11,75011,Paris,4,0,0
2008,11,75011,Paris,3,7,0
2008,18,75018,Paris,0,0,16
2008,12,75012,Paris,1,0,0
2008,16,75016,Paris,0,1,0
2008,1,75001,Paris,0,10,0
2008,3,75003,Paris,0,8,0
2008,4,75004,Paris,0,7,0
2008,18,75018,Paris,0,7,0
2008,10,75010,Paris,3,0,0
2009,15,75015,Paris,0,175,0
2009,19,75019,Paris,0,0,27
2009,16,75016,Paris,0,1,0
2009,17,75017,Paris,0,3,0
2009,14,75014,Paris,3,34,16
2009,20,75020,Paris,0,4,4
2009,13,75013,Paris,164,0,0
2009,13,75013,Paris,0,35,0
2009,13,75013,Paris,0,21,0
2009,19,75019,Paris,2,0,0
2009,18,75018,Paris,1,0,0
2010,10,75010,Paris,22,50,18
2010,3,75003,Paris,15,0,0
2010,13,75013,Paris,2,0,0
2010,18,75018,Paris,0,7,0
2010,13,75013,Paris,0,2,0
2010,20,75020,Paris,0,1,0
2010,15,75015,Paris,5,14,5
2010,9,75009,Paris,6,13,0
2010,20,75020,Paris,2,13,4
2010,14,75014,Paris,0,8,0
2010,18,75018,Paris,0,1,0
2010,11,75011,Paris,4,8,0
2010,18,75018,Paris,0,0,0
2011,3,75003,Paris,7,14,7
2011,7,75007,Paris,6,0,0
2011,20,75020,Paris,0,0,64
2011,14,75014,Paris,2,6,3
2011,16,75016,Paris,9,19,10
2011,17,75017,Paris,29,73,44
2011,13,75013,Paris,0,1,0
2011,3,75003,Paris,0,11,0
2011,6,75006,Paris,71,0,0
2011,19,75019,Paris,0,0,4
2011,18,75018,Paris,0,3,0
2012,16,75016,Paris,37,0,0
2012,18,75018,Paris,0,0,0
2012,8,75008,Paris,7,17,7
2012,9,75009,Paris,0,0,6
2012,13,75013,Paris,0,1,0
2012,18,75018,Paris,3,6,6
2012,12,75012,Paris,4,22,10
2012,13,75013,Paris,0,0,12
2012,19,75019,Paris,0,7,4
2012,5,75005,Paris,0,1,0
2013,13,75013,Paris,0,1,0
2013,9,75009,Paris,5,8,5
2013,20,75020,Paris,0,5,4
2013,1,75001,Paris,24,48,24
2013,12,75012,Paris,0,0,1
2013,13,75013,Paris,8,30,37
2013,16,75016,Paris,1,0,0
2013,16,75016,Paris,3,20,11
2013,19,75019,Paris,0,0,20
2013,20,75020,Paris,40,0,0
2013,15,75015,Paris,0,24,0
2013,18,75018,Paris,2,5,2
2014,17,75017,Paris,0,2,0
2014,2,75002,Paris,1,0,0
2014,11,75011,Paris,1,0,0
2014,11,75011,Paris,17,46,22
2014,15,75015,Paris,13,24,16
2014,10,75010,Paris,1,20,0
2014,11,75011,Paris,2,0,0
2014,18,75018,Paris,0,57,57
2014,19,75019,Paris,0,0,1
2014,15,75015,Paris,0,0,1
2014,20,75020,Paris,1,0,0
2014,14,75014,Paris,14,33,0
2015,10,75010,Paris,0,1,0
2015,17,75017,Paris,0,1,0
2015,20,75020,Paris,0,0,30
2015,11,75011,Paris,6,0,0
2015,13,75013,Paris,23,32,23
2015,13,75013,Paris,48,64,48
2015,17,75017,Paris,3,0,0
2015,20,75020,Paris,4,0,0
2015,11,75011,Paris,0,0,25
2015,14,75014,Paris,4,4,0
2015,19,75019,Paris,0,2,0
2015,19,75019,Paris,0,0,13
2015,12,75012,Paris,75,98,75
2015,14,75014,Paris,21,50,71
2016,14,75014,Paris,0,1,0
2016,19,75019,Paris,0,1,2
2016,13,75013,Paris,0,154,0
2016,12,75012,Paris,11,6,5
2016,12,75012,Paris,7,9,4
2016,8,75008,Paris,7,4,0
2016,20,75020,Paris,1,0,0
2016,2,75002,Paris,5,0,0
2017,14,75014,Paris,7,11,6
2017,8,75008,Paris,1,1,0
2017,17,75017,Paris,8,8,0
2017,13,75013,Paris,32,42,32
2017,16,75016,Paris,27,28,0
2017,15,75015,Paris,0,0,23
2017,11,75011,Paris,0,8,0
2017,14,75014,Paris,0,100,0
2017,10,75010,Paris,30,0,0
2017,6,75006,Paris,0,2,0
2017,20,75020,Paris,3,2,0
2018,18,75018,Paris,268,0,0
2018,18,75018,Paris,0,1,0
2018,2,75002,Paris,1,0,0
2018,2,75002,Paris,1,0,0
2018,11,75011,Paris,13,18,14
2018,11,75011,Paris,2,0,0
2018,15,75015,Paris,0,1,0
2018,18,75018,Paris,8,10,8
2018,16,75016,Paris,29,29,0
2018,19,75019,Paris,0,0,16
2018,8,75008,Paris,4,0,0
2019,9,75009,Paris,26,18,0
2019,17,75017,Paris,1,0,0
2019,17,75017,Paris,83,0,0
2019,7,75007,Paris,0,0,115
2019,14,75014,Paris,2,2,3
2019,15,75015,Paris,58,47,12
2020,15,75015,Paris,0,0,7
2020,17,75017,Paris,1,0,0
2020,20,75020,Paris,6,9,6
2021,11,75011,Paris,6,10,10
2021,13,75013,Paris,0,0,2
2021,19,75019,Paris,0,0,20
2021,12,75012,Paris,8,12,8
2021,20,75020,Paris,30,40,29
2021,17,75017,Paris,22,15,0
2021,14,75014,Paris,17,22,17
2021,20,75020,Paris,0,0,85
2021,11,75011,Paris,11,7,0
2022,4,75004,Paris,50,0,0
2022,11,75011,Paris,1,1,0
2022,17,75017,Paris,1,0,0
2022,19,75019,Paris,0,0,44
2022,17,75017,Paris,1,0,0
2022,18,75018,Paris,20,28,21
2022,15,75015,Paris,5,6,5
2022,20,75020,Paris,1,0,0
2022,20,75020,Paris,0,0,73
2023,14,75014,Paris,0,0,31
2023,18,75018,Paris,1,1,0
2023,15,75015,Paris,10,7,0
2023,17,75017,Paris,1,0,0
2023,8,75008,Paris,7,9,7
2023,20,75020,Paris,0,0,1
2023,14,75014,Paris,12,15,11
2023,15,75015,Paris,1,1,1
2023,15,75015,Paris,10,10,9
2023,12,75012,Paris,16,16,15
2024,20,75020,Paris,1,2,1
2024,7,75007,Paris,7,4,0
2024,17,75017,Paris,20,12,7
2001,3,75003,Paris,27,0,0
2001,15,75015,Paris,4,31,0
2001,3,75003,Paris,11,0,0
2001,12,75012,Paris,0,82,0
2002,19,75019,Paris,0,0,40
2002,3,75003,Paris,0,27,0
2003,20,75020,Paris,0,0,50
2003,5,75005,Paris,0,5,0
2003,8,75008,Paris,6,16,0
2003,18,75018,Paris,0,0,19
2003,1,75001,Paris,5,12,0
2003,5,75005,Paris,0,19,0
2003,18,75018,Paris,12,0,0
2004,6,75006,Paris,0,63,0
2004,10,75010,Paris,0,32,35
2004,19,75019,Paris,0,8,0
2004,10,75010,Paris,2,0,0
2004,13,75013,Paris,0,15,0
2004,15,75015,Paris,2,2,0
2004,12,75012,Paris,16,0,0
2005,12,75012,Paris,4,6,0
2005,4,75004,Paris,1,0,0
2005,20,75020,Paris,0,0,10
2005,12,75012,Paris,0,42,0
2005,1,75001,Paris,0,2,0
2005,13,75013,Paris,0,0,11
2005,13,75013,Paris,0,0,64
2005,20,75020,Paris,0,20,0
2005,14,75014,Paris,20,0,0
2005,18,75018,Paris,6,7,0
2005,15,75015,Paris,156,0,0
2006,13,75013,Paris,0,2,2
2006,20,75020,Paris,0,9,0
2006,14,75014,Paris,3,0,0
2006,19,75019,Paris,0,0,44
2007,15,75015,Paris,0,0,13
2007,17,75017,Paris,31,0,0
2007,20,75020,Paris,1,0,0
2007,18,75018,Paris,0,5,0
2007,18,75018,Paris,1,0,0
2007,18,75018,Paris,1,0,0
2007,15,75015,Paris,6,0,0
2007,15,75015,Paris,2,0,0
2007,18,75018,Paris,0,11,0
2007,13,75013,Paris,0,1,0
2008,18,75018,Paris,0,0,9
2008,2,75002,Paris,6,14,0
2008,20,75020,Paris,2,13,0
2008,19,75019,Paris,0,3,3
2008,1,75001,Paris,0,16,0
2008,1,75001,Paris,0,5,0
2008,3,75003,Paris,0,43,0
2008,10,75010,Paris,0,6,0
2008,15,75015,Paris,0,2,0
2008,18,75018,Paris,3,0,0
2008,15,75015,Paris,127,84,0
2008,11,75011,Paris,6,9,5
2008,20,75020,Paris,0,5,0
2008,20,75020,Paris,3,4,0
2008,20,75020,Paris,4,8,3
2008,18,75018,Paris,0,0,0
2009,17,75017,Paris,0,11,7
2009,13,75013,Paris,4,15,12
2009,20,75020,Paris,0,8,3
2009,8,75008,Paris,2,9,0
2009,3,75003,Paris,1,7,5
2009,3,75003,Paris,0,3,0
2009,11,75011,Paris,1,45,20
2009,19,75019,Paris,0,0,95
2009,13,75013,Paris,0,5,0
2009,18,75018,Paris,10,0,0
2009,13,75013,Paris,0,3,0
2009,20,75020,Paris,0,4,0
2009,5,75005,Paris,3,6,3
2009,10,75010,Paris,2,10,0
2009,15,75015,Paris,0,0,29
2009,13,75013,Paris,0,1,0
2009,18,75018,Paris,0,4,0
2010,15,75015,Paris,0,2,0
2010,1,75001,Paris,2,2,0
2010,16,75016,Paris,2,2,0
2010,12,75012,Paris,0,1,0
2010,20,75020,Paris,62,41,0
2010,15,75015,Paris,0,6,0
2010,14,75014,Paris,0,0,10
2010,10,75010,Paris,0,1,0
2010,3,75003,Paris,10,0,0
2010,10,75010,Paris,54,0,0
2010,9,75009,Paris,30,0,0
2010,11,75011,Paris,3,10,0
2010,19,75019,Paris,0,11,1
2010,18,75018,Paris,0,1,0
2010,15,75015,Paris,0,5,0
2011,3,75003,Paris,0,4,0
2011,12,75012,Paris,0,2,0
2011,17,75017,Paris,0,1,0
2011,13,75013,Paris,0,1,0
2011,7,75007,Paris,4,13,3
2011,12,75012,Paris,0,45,45
2011,14,75014,Paris,3,7,3
2011,15,75015,Paris,0,101,0
2011,4,75004,Paris,0,37,0
2011,4,75004,Paris,0,24,0
2011,5,75005,Paris,0,37,0
2011,3,75003,Paris,2,5,0
2011,14,75014,Paris,0,97,0
2011,15,75015,Paris,11,29,17
2011,20,75020,Paris,0,41,0
2011,16,75016,Paris,0,0,140
2011,11,75011,Paris,0,3,0
2012,18,75018,Paris,0,0,9
2012,12,75012,Paris,0,3,0
2012,1,75001,Paris,3,8,0
2012,17,75017,Paris,0,3,0
2012,19,75019,Paris,0,2,0
2012,13,75013,Paris,24,0,0
2012,19,75019,Paris,0,6,0
2012,20,75020,Paris,0,0,76
2012,11,75011,Paris,0,52,0
2013,19,75019,Paris,0,0,15
2013,10,75010,Paris,7,17,5
2013,12,75012,Paris,34,0,0
2013,15,75015,Paris,0,101,0
2013,17,75017,Paris,0,1,0
2013,13,75013,Paris,0,92,0
2013,19,75019,Paris,0,0,54
2014,6,75006,Paris,0,7,0
2014,5,75005,Paris,0,1,0
2014,3,75003,Paris,1,17,0
2014,16,75016,Paris,61,154,92
2015,10,75010,Paris,5,3,0
2015,10,75010,Paris,25,18,0
2015,13,75013,Paris,30,40,30
2015,15,75015,Paris,14,8,6
2015,20,75020,Paris,1,0,0
2015,3,75003,Paris,20,15,4
2015,15,75015,Paris,0,0,32
2015,14,75014,Paris,0,0,17
2016,8,75008,Paris,11,11,0
2016,14,75014,Paris,0,0,58
2016,14,75014,Paris,0,0,42
2017,18,75018,Paris,2,0,0
2017,18,75018,Paris,16,0,0
2017,1,75001,Paris,1,1,0
2017,16,75016,Paris,25,0,0
2017,10,75010,Paris,35,21,11
2017,15,75015,Paris,8,6,3
2017,17,75017,Paris,16,15,0
2017,19,75019,Paris,0,164,0
2017,12,75012,Paris,6,0,0
2017,9,75009,Paris,8,6,6
2017,6,75006,Paris,1,0,0
2017,12,75012,Paris,3,6,3
2018,17,75017,Paris,1,0,0
2018,9,75009,Paris,1,2,0
2018,12,75012,Paris,2,0,0
2018,18,75018,Paris,1,0,0
2018,4,75004,Paris,5,4,0
2018,13,75013,Paris,0,0,15
2018,15,75015,Paris,1,0,0
2019,13,75013,Paris,0,0,1
2019,18,75018,Paris,6,7,5
2019,15,75015,Paris,9,6,4
2019,13,75013,Paris,0,75,0
2019,10,75010,Paris,1,1,0
2019,15,75015,Paris,0,0,23
2019,11,75011,Paris,6,8,5
2019,14,75014,Paris,90,68,0
2019,17,75017,Paris,1,0,0
2019,16,75016,Paris,190,126,0
2019,8,75008,Paris,0,1,0
2019,18,75018,Paris,4,5,4
2019,17,75017,Paris,7,9,7
2019,20,75020,Paris,0,0,69
2020,20,75020,Paris,0,0,16
2020,18,75018,Paris,10,14,10
2020,14,75014,Paris,6,4,0
2021,13,75013,Paris,0,0,5
2021,18,75018,Paris,0,1,0
2021,18,75018,Paris,2,0,0
2021,20,75020,Paris,11,0,10
2021,18,75018,Paris,0,0,17
2021,13,75013,Paris,1,0,0
2021,15,75015,Paris,23,16,0
2021,20,75020,Paris,9,12,9
2022,1,75001,Paris,1,0,0
2022,15,75015,Paris,6,4,0
2022,19,75019,Paris,0,0,6
2022,18,75018,Paris,5,7,5
2022,11,75011,Paris,6,4,2
2022,11,75011,Paris,5,6,5
2022,18,75018,Paris,6,10,6
2022,5,75005,Paris,23,0,0
2022,11,75011,Paris,34,23,0
2023,12,75012,Paris,1,0,0
2023,15,75015,Paris,5,8,13
2023,11,75011,Paris,7,9,7
2023,18,75018,Paris,0,242,0
2023,16,75016,Paris,5,3,2
2023,9,75009,Paris,1,0,0
2023,19,75019,Paris,0,3,3
2023,15,75015,Paris,6,6,4
2024,13,75013,Paris,0,1,0
2024,4,75004,Paris,1,0,0
2024,12,75012,Paris,249,0,0
2024,20,75020,Paris,0,73,0
2024,4,75004,Paris,8,5,0
2024,18,75018,Paris,2,2,1
2024,6,75006,Paris,0,41,14
2001,19,75019,Paris,17,0,0
2001,18,75018,Paris,0,0,21
2001,13,75013,Paris,0,0,20
2002,18,75018,Paris,0,14,0
2002,7,75007,Paris,1,0,0
2002,19,75019,Paris,0,0,16
2002,18,75018,Paris,15,29,0
2003,19,75019,Paris,0,0,16
2003,15,75015,Paris,53,107,18
2003,18,75018,Paris,0,67,0
2003,9,75009,Paris,0,13,0
2003,18,75018,Paris,0,14,0
2003,14,75014,Paris,0,50,50
2003,18,75018,Paris,10,0,0
2004,15,75015,Paris,4,7,0
2004,4,75004,Paris,0,16,0
2004,18,75018,Paris,2,22,0
2004,16,75016,Paris,0,22,0
2004,12,75012,Paris,6,11,0
2005,15,75015,Paris,3,0,0
2005,18,75018,Paris,0,3,0
2005,13,75013,Paris,9,0,0
2005,15,75015,Paris,4,7,0
2005,20,75020,Paris,0,0,17
2006,11,75011,Paris,0,0,6
2006,13,75013,Paris,0,0,102
2006,10,75010,Paris,0,0,6
2006,13,75013,Paris,52,0,0
2006,18,75018,Paris,0,8,0
2006,13,75013,Paris,2,0,0
2006,19,75019,Paris,0,1,0
2006,9,75009,Paris,3,12,0
2006,14,75014,Paris,10,37,0
2006,17,75017,Paris,6,28,0
2006,10,75010,Paris,4,7,0
2007,18,75018,Paris,0,0,3
2007,10,75010,Paris,10,14,0
2007,18,75018,Paris,10,20,0
2007,17,75017,Paris,0,0,0
2007,15,75015,Paris,54,0,0
2007,20,75020,Paris,0,3,0
2007,19,75019,Paris,0,9,0
2007,9,75009,Paris,0,0,9
2007,6,75006,Paris,12,11,0
2007,16,75016,Paris,0,1,0
2007,3,75003,Paris,4,12,0
2007,1,75001,Paris,0,15,10
2007,18,75018,Paris,0,0,0
2007,3,75003,Paris,0,4,0
2008,12,75012,Paris,3,25,0
2008,5,75005,Paris,3,4,0
2008,20,75020,Paris,0,4,0
2008,13,75013,Paris,0,77,0
2008,20,75020,Paris,2,6,0
2008,13,75013,Paris,0,0,27
2008,15,75015,Paris,12,31,11
2008,2,75002,Paris,0,10,0
2008,18,75018,Paris,0,0,22
2008,10,75010,Paris,0,3,3
2008,11,75011,Paris,4,24,12
2008,13,75013,Paris,0,37,0
2008,1,75001,Paris,0,5,0
2008,1,75001,Paris,0,5,0
2008,3,75003,Paris,0,4,0
2008,3,75003,Paris,0,12,0
2008,17,75017,Paris,24,36,14
2008,10,75010,Paris,35,0,0
2008,10,75010,Paris,103,68,0
2008,18,75018,Paris,5,0,3
2009,13,75013,Paris,0,52,0
2009,17,75017,Paris,12,38,12
2009,4,75004,Paris,5,0,4
2009,17,75017,Paris,0,1,0
2009,3,75003,Paris,2,7,2
2009,19,75019,Paris,0,0,13
2009,14,75014,Paris,0,67,0
2009,20,75020,Paris,3,12,6
2009,16,75016,Paris,0,1,0
2010,14,75014,Paris,0,0,4
2010,10,75010,Paris,0,8,0
2010,18,75018,Paris,0,0,45
2010,13,75013,Paris,0,1,0
2010,11,75011,Paris,2,0,0
2010,19,75019,Paris,8,31,39
2010,19,75019,Paris,0,7,0
2010,18,75018,Paris,4,8,0
2010,19,75019,Paris,0,0,24
2010,6,75006,Paris,0,0,70
2011,15,75015,Paris,0,1,0
2011,16,75016,Paris,0,2,0
2011,13,75013,Paris,8,29,36
2011,18,75018,Paris,1,6,1
2011,19,75019,Paris,93,0,0
2011,13,75013,Paris,0,7,8
2011,20,75020,Paris,4,16,5
2011,20,75020,Paris,0,1,0
2012,9,75009,Paris,0,7,8
2012,20,75020,Paris,2,5,7
2012,15,75015,Paris,0,0,81
2012,13,75013,Paris,0,1,0
2012,17,75017,Paris,0,1,0
2012,9,75009,Paris,1,4,1
2012,1,75001,Paris,0,1,0
2012,12,75012,Paris,3,5,0
2012,20,75020,Paris,3,5,13
2012,11,75011,Paris,1,0,0
2012,15,75015,Paris,0,1,0
2013,13,75013,Paris,153,0,0
2013,17,75017,Paris,0,0,25
2013,13,75013,Paris,2,5,7
2013,17,75017,Paris,0,2,0
2013,19,75019,Paris,0,132,0
2013,1,75001,Paris,0,1,0
2013,8,75008,Paris,0,1,0
2013,14,75014,Paris,0,24,12
2013,16,75016,Paris,4,18,11
2013,3,75003,Paris,0,2,0
2013,5,75005,Paris,0,10,0
2013,18,75018,Paris,0,10,5
2014,2,75002,Paris,7,7,0
2014,9,75009,Paris,10,19,5
2014,18,75018,Paris,39,0,0
2014,12,75012,Paris,8,20,23
2014,19,75019,Paris,110,0,0
2014,15,75015,Paris,0,1,0
2014,18,75018,Paris,0,14,0
2014,17,75017,Paris,0,0,6
2014,3,75003,Paris,3,51,0
2014,10,75010,Paris,5,8,0
2014,12,75012,Paris,3,6,4
2014,20,75020,Paris,4,0,0
2014,18,75018,Paris,4,0,0
2014,10,75010,Paris,5,4,0
2014,20,75020,Paris,0,1,0
2014,15,75015,Paris,0,0,1
2015,10,75010,Paris,0,1,0
2015,12,75012,Paris,1,0,0
2015,11,75011,Paris,24,0,0
2015,13,75013,Paris,0,0,74
2015,11,75011,Paris,15,14,0
2015,12,75012,Paris,44,27,20
2015,17,75017,Paris,159,211,159
2015,13,75013,Paris,0,0,15
2015,14,75014,Paris,7,6,0
2016,11,75011,Paris,2,0,0
2016,11,75011,Paris,2,4,0
2016,16,75016,Paris,0,0,18
2016,20,75020,Paris,0,0,9
2016,12,75012,Paris,24,14,9
2016,18,75018,Paris,4,6,4
2016,3,75003,Paris,9,7,3
2016,2,75002,Paris,1,1,0
2017,12,75012,Paris,5,3,2
2017,18,75018,Paris,0,0,10
2017,15,75015,Paris,0,0,8
2017,9,75009,Paris,9,6,0
2017,7,75007,Paris,126,100,25
2017,14,75014,Paris,100,0,0
2017,4,75004,Paris,0,1,0
2017,4,75004,Paris,0,1,0
2017,6,75006,Paris,0,1,0
2017,6,75006,Paris,1,1,0
2017,6,75006,Paris,3,5,0
2017,6,75006,Paris,1,2,0
2017,10,75010,Paris,37,55,14
2017,15,75015,Paris,4,4,4
2018,10,75010,Paris,2,0,0
2018,18,75018,Paris,0,1,0
2018,20,75020,Paris,0,0,15
2019,10,75010,Paris,7,5,1
2019,13,75013,Paris,0,0,1
2019,17,75017,Paris,1,0,0
2019,13,75013,Paris,11,14,11
2019,17,75017,Paris,1,0,0
2019,17,75017,Paris,2,2,0
2019,17,75017,Paris,2,0,0
2020,11,75011,Paris,2,2,2
2020,14,75014,Paris,0,0,1
2020,20,75020,Paris,0,0,7
2020,14,75014,Paris,16,9,9
2020,20,75020,Paris,0,0,7
2020,13,75013,Paris,0,1,0
2020,11,75011,Paris,22,0,0
2020,9,75009,Paris,10,6,0
2020,15,75015,Paris,30,41,30
2020,17,75017,Paris,4,2,0
2020,20,75020,Paris,20,0,0
2021,12,75012,Paris,5,3,0
2021,14,75014,Paris,2,0,6
2021,18,75018,Paris,0,74,148
2021,3,75003,Paris,4,4,12
2021,17,75017,Paris,2,4,2
2021,13,75013,Paris,0,0,13
2021,11,75011,Paris,1,0,0
2021,14,75014,Paris,0,95,0
2021,18,75018,Paris,0,19,0
2021,12,75012,Paris,11,14,10
2022,17,75017,Paris,2,2,0
2022,5,75005,Paris,1,0,0
2022,10,75010,Paris,6,5,5
2022,15,75015,Paris,10,7,0
2022,19,75019,Paris,0,0,7
2022,18,75018,Paris,11,14,10
2022,18,75018,Paris,0,23,0
2022,11,75011,Paris,3,0,0
2022,15,75015,Paris,15,20,16
2022,18,75018,Paris,7,4,0
2022,20,75020,Paris,0,0,29
2023,10,75010,Paris,18,13,0
2023,18,75018,Paris,3,2,0
2023,19,75019,Paris,0,0,1
2024,10,75010,Paris,10,7,0
2024,18,75018,Paris,4,5,3
2024,2,75002,Paris,10,8,0
2024,18,75018,Paris,3,2,0
2024,12,75012,Paris,54,44,56
2024,18,75018,Paris,5,0,0
2024,20,75020,Paris,10,6,0
2001,11,75011,Paris,0,15,0
2001,18,75018,Paris,0,7,0
2001,12,75012,Paris,0,45,0
2001,6,75006,Paris,0,6,0
2001,19,75019,Paris,36,0,0
2001,13,75013,Paris,0,163,0
2001,13,75013,Paris,0,0,35
2001,17,75017,Paris,24,0,0
2001,19,75019,Paris,0,8,0
2002,19,75019,Paris,0,0,10
2002,17,75017,Paris,4,0,0
2002,19,75019,Paris,0,12,0
2003,5,75005,Paris,0,11,0
2003,15,75015,Paris,13,39,0
2003,4,75004,Paris,0,12,11
2003,9,75009,Paris,0,25,0
2003,13,75013,Paris,0,0,38
2003,13,75013,Paris,37,0,0
2003,2,75002,Paris,0,15,0
2004,14,75014,Paris,0,0,6
2004,20,75020,Paris,0,4,0
2004,12,75012,Paris,6,26,0
2004,11,75011,Paris,0,3,0
2004,18,75018,Paris,6,50,0
2004,20,75020,Paris,1,10,0
2004,20,75020,Paris,2,0,0
2005,19,75019,Paris,0,0,15
2005,20,75020,Paris,0,0,47
2005,15,75015,Paris,1,0,0
2005,18,75018,Paris,0,0,2
2005,18,75018,Paris,0,21,0
2005,18,75018,Paris,0,8,0
2005,2,75002,Paris,0,8,0
2005,4,75004,Paris,4,7,0
2005,18,75018,Paris,0,2,0
2006,4,75004,Paris,15,0,0
2006,18,75018,Paris,0,12,0
2006,13,75013,Paris,0,0,32
2006,13,75013,Paris,0,0,9
2006,8,75008,Paris,4,8,0
2006,3,75003,Paris,2,4,0
2006,5,75005,Paris,5,24,0
2006,11,75011,Paris,0,3,0
2006,14,75014,Paris,0,0,10
2006,20,75020,Paris,0,5,0
2006,20,75020,Paris,0,15,0
2007,10,75010,Paris,0,28,0
2007,18,75018,Paris,0,0,0
2007,18,75018,Paris,0,0,4
2007,12,75012,Paris,9,19,0
2007,12,75012,Paris,0,0,1
2007,20,75020,Paris,0,11,0
2007,18,75018,Paris,0,7,0
2008,13,75013,Paris,3,0,2
2008,1,75001,Paris,4,4,0
2008,19,75019,Paris,0,0,25
2008,4,75004,Paris,0,20,0
2008,4,75004,Paris,0,9,0
2008,17,75017,Paris,0,3,0
2008,20,75020,Paris,3,4,0
2008,15,75015,Paris,3,0,0
2008,15,75015,Paris,0,5,0
2008,10,75010,Paris,36,36,0
2008,20,75020,Paris,0,7,0
2009,19,75019,Paris,0,1,0
2009,10,75010,Paris,3,15,8
2009,15,75015,Paris,0,39,17
2009,16,75016,Paris,2,20,15
2009,17,75017,Paris,0,2,0
2009,10,75010,Paris,3,10,3
2009,19,75019,Paris,1,5,0
2009,15,75015,Paris,2,3,0
2009,18,75018,Paris,0,1,0
2009,20,75020,Paris,0,1,0
2010,18,75018,Paris,27,0,0
2010,20,75020,Paris,0,0,6
2010,12,75012,Paris,0,2,0
2010,14,75014,Paris,2,6,0
2010,11,75011,Paris,0,9,2
2010,17,75017,Paris,0,5,0
2010,14,75014,Paris,156,0,0
2010,14,75014,Paris,2,9,2
2010,19,75019,Paris,0,7,19
2010,19,75019,Paris,0,0,21
2010,13,75013,Paris,0,1,0
2010,18,75018,Paris,0,3,0
2010,18,75018,Paris,0,1,0
2010,18,75018,Paris,0,10,4
2010,20,75020,Paris,0,1,0
2010,19,75019,Paris,0,0,15
2011,13,75013,Paris,118,0,0
2011,3,75003,Paris,5,11,5
2011,7,75007,Paris,27,0,0
2011,17,75017,Paris,0,2,0
2011,13,75013,Paris,92,0,0
2011,11,75011,Paris,4,15,5
2011,4,75004,Paris,0,14,0
2011,6,75006,Paris,0,19,0
2011,11,75011,Paris,0,8,0
2012,17,75017,Paris,24,0,0
2012,14,75014,Paris,14,194,90
2012,13,75013,Paris,12,31,19
2012,5,75005,Paris,0,79,0
2012,17,75017,Paris,0,1,0
2012,13,75013,Paris,0,18,7
2012,15,75015,Paris,1,0,0
2012,13,75013,Paris,0,0,277
2012,19,75019,Paris,0,0,62
2012,10,75010,Paris,1,0,0
2013,11,75011,Paris,0,2,0
2013,20,75020,Paris,0,1,0
2013,18,75018,Paris,0,0,40
2013,14,75014,Paris,24,0,0
2013,13,75013,Paris,13,38,24
2013,20,75020,Paris,0,0,1
2013,13,75013,Paris,0,0,72
2013,19,75019,Paris,0,0,61
2013,20,75020,Paris,0,0,22
2013,9,75009,Paris,12,18,7
2014,18,75018,Paris,0,111,0
2014,1,75001,Paris,4,7,5
2014,20,75020,Paris,3,0,0
2014,3,75003,Paris,1,11,0
2014,9,75009,Paris,1,16,0
2014,16,75016,Paris,3,5,3
2014,20,75020,Paris,0,0,85
2014,18,75018,Paris,0,0,12
2014,20,75020,Paris,29,0,0
2015,10,75010,Paris,1,0,0
2015,17,75017,Paris,0,1,0
2015,7,75007,Paris,6,8,4
2015,14,75014,Paris,0,2,0
2015,14,75014,Paris,19,24,19
2015,17,75017,Paris,14,8,6
2015,17,75017,Paris,0,7,0
2015,20,75020,Paris,0,0,5
2015,5,75005,Paris,1,0,0
2016,20,75020,Paris,17,0,0
2016,17,75017,Paris,1,4,0
2016,20,75020,Paris,0,94,0
2016,12,75012,Paris,31,31,15
2016,13,75013,Paris,1,0,0
2016,15,75015,Paris,1,0,0
2016,17,75017,Paris,1,0,0
2016,15,75015,Paris,0,0,40
2016,18,75018,Paris,0,0,22
2016,2,75002,Paris,5,4,0
2016,12,75012,Paris,13,8,3
2016,18,75018,Paris,22,31,20
2016,20,75020,Paris,0,0,42
2016,18,75018,Paris,3,3,0
2016,18,75018,Paris,2,3,2
2016,20,75020,Paris,5,6,3
2017,14,75014,Paris,0,0,300
2017,14,75014,Paris,5,0,0
2017,19,75019,Paris,0,0,10
2017,12,75012,Paris,5,5,5
2017,20,75020,Paris,0,0,1
2017,20,75020,Paris,4,3,3
2017,6,75006,Paris,2,2,0
2018,11,75011,Paris,0,7,0
2018,18,75018,Paris,15,16,22
2018,18,75018,Paris,0,0,1
2018,18,75018,Paris,0,0,29
2018,18,75018,Paris,29,0,0
2018,20,75020,Paris,32,0,0
2018,10,75010,Paris,6,6,0
2018,18,75018,Paris,0,24,43
2018,12,75012,Paris,1,1,0
2018,17,75017,Paris,5,2,0
2018,17,75017,Paris,5,2,0
2018,20,75020,Paris,0,0,1
2018,10,75010,Paris,10,21,0
2018,13,75013,Paris,1,0,0
2018,20,75020,Paris,1,0,0
2019,17,75017,Paris,1,0,0
2019,12,75012,Paris,1,0,0
2019,17,75017,Paris,1,1,0
2019,13,75013,Paris,0,3,0
2019,9,75009,Paris,9,0,0
2019,16,75016,Paris,0,1,0
2019,13,75013,Paris,0,0,1
2019,15,75015,Paris,37,25,0
2019,20,75020,Paris,78,105,78
2020,19,75019,Paris,0,0,11
2020,12,75012,Paris,3,1,0
2020,8,75008,Paris,1,0,0
2020,7,75007,Paris,1,1,0
2020,19,75019,Paris,0,0,34
2020,16,75016,Paris,0,1,0
2021,18,75018,Paris,0,4,18
2021,12,75012,Paris,19,13,0
2021,18,75018,Paris,12,8,0
2021,4,75004,Paris,4,2,0
2022,12,75012,Paris,4,4,3
2022,12,75012,Paris,4,5,3
2022,20,75020,Paris,28,0,0
2022,18,75018,Paris,2,3,6
2023,19,75019,Paris,3,0,0
2023,10,75010,Paris,14,0,0
2023,13,75013,Paris,0,0,134
2023,15,75015,Paris,0,5,0
2023,12,75012,Paris,1,0,0
2023,12,75012,Paris,0,1,0
2023,14,75014,Paris,1,0,0
2023,16,75016,Paris,5,3,1
2023,13,75013,Paris,0,1,0
2023,11,75011,Paris,8,11,8
2023,20,75020,Paris,0,0,20
2023,18,75018,Paris,6,8,42
2024,16,75016,Paris,0,0,15
2024,13,75013,Paris,0,1,1
2024,20,75020,Paris,4,4,3
2001,11,75011,Paris,0,18,0
2001,12,75012,Paris,0,7,0
2001,15,75015,Paris,0,74,9
2002,12,75012,Paris,0,0,19
2002,19,75019,Paris,0,11,0
2002,15,75015,Paris,0,71,0
2002,18,75018,Paris,0,42,0
2002,9,75009,Paris,0,11,0
2002,2,75002,Paris,1,0,0
2002,15,75015,Paris,0,55,0
2002,9,75009,Paris,18,0,0
2003,20,75020,Paris,0,30,0
2003,11,75011,Paris,4,35,0
2003,5,75005,Paris,0,23,0
2004,11,75011,Paris,13,0,0
2004,2,75002,Paris,5,17,0
2004,4,75004,Paris,0,8,0
2004,18,75018,Paris,0,3,0
2004,18,75018,Paris,0,0,6
2004,3,75003,Paris,10,0,0
2004,13,75013,Paris,0,0,39
2005,11,75011,Paris,1,0,0
2005,12,75012,Paris,1,0,0
2005,20,75020,Paris,0,0,1
2005,12,75012,Paris,45,0,0
2005,20,75020,Paris,2,6,0
2005,18,75018,Paris,0,3,0
2005,20,75020,Paris,0,29,0
2005,18,75018,Paris,0,6,0
2005,11,75011,Paris,0,5,0
2005,10,75010,Paris,9,0,0
2005,18,75018,Paris,0,9,0
2005,10,75010,Paris,11,0,0
2006,12,75012,Paris,210,0,0
2006,18,75018,Paris,2,8,0
2006,20,75020,Paris,7,0,0
2006,20,75020,Paris,0,15,0
2006,18,75018,Paris,15,0,31
2006,10,75010,Paris,4,11,0
2006,9,75009,Paris,5,14,9
2006,15,75015,Paris,0,21,0
2006,4,75004,Paris,9,0,0
2006,15,75015,Paris,5,0,0
2006,17,75017,Paris,0,0,19
2007,11,75011,Paris,0,0,1
2007,11,75011,Paris,0,12,0
2007,10,75010,Paris,22,43,21
2007,11,75011,Paris,0,6,0
2007,19,75019,Paris,0,0,42
2007,18,75018,Paris,4,0,0
2007,18,75018,Paris,1,0,0
2007,15,75015,Paris,1,0,0
2007,9,75009,Paris,4,12,6
2007,13,75013,Paris,0,0,33
2007,18,75018,Paris,3,0,0
2007,15,75015,Paris,0,3,0
2008,13,75013,Paris,0,0,9
2008,20,75020,Paris,0,0,31
2008,13,75013,Paris,0,0,33
2008,20,75020,Paris,0,10,0
2008,19,75019,Paris,0,7,6
2008,18,75018,Paris,24,0,0
2008,18,75018,Paris,0,13,0
2008,19,75019,Paris,0,28,18
2008,17,75017,Paris,0,3,0
2008,4,75004,Paris,0,16,0
2009,9,75009,Paris,3,0,0
2009,16,75016,Paris,3,0,0
2009,16,75016,Paris,0,1,0
2009,9,75009,Paris,18,0,0
2009,14,75014,Paris,2,9,5
2009,15,75015,Paris,2,5,0
2009,12,75012,Paris,1,0,0
2009,3,75003,Paris,3,12,0
2009,19,75019,Paris,0,0,4
2009,18,75018,Paris,4,14,4
2009,20,75020,Paris,0,15,21
2009,20,75020,Paris,0,2,0
2009,20,75020,Paris,0,2,2
2010,12,75012,Paris,2,8,4
2010,20,75020,Paris,14,0,0
2010,5,75005,Paris,0,3,0
2010,17,75017,Paris,0,1,0
2010,20,75020,Paris,0,2,0
2010,20,75020,Paris,0,2,0
2010,10,75010,Paris,24,51,15
2010,15,75015,Paris,4,8,0
2010,9,75009,Paris,3,6,3
2010,14,75014,Paris,0,98,0
2010,20,75020,Paris,0,24,8
2010,20,75020,Paris,0,1,0
2010,10,75010,Paris,73,59,0
2010,13,75013,Paris,0,129,0
2011,15,75015,Paris,0,96,96
2011,15,75015,Paris,0,2,0
2011,4,75004,Paris,47,0,0
2011,6,75006,Paris,0,36,0
2011,15,75015,Paris,0,12,0
2011,18,75018,Paris,20,0,0
2011,19,75019,Paris,0,3,0
2011,20,75020,Paris,0,0,20
2012,11,75011,Paris,26,0,0
2012,20,75020,Paris,88,0,0
2012,20,75020,Paris,2,4,0
2012,6,75006,Paris,2,6,3
2012,4,75004,Paris,0,3,0
2012,4,75004,Paris,1,0,0
2012,13,75013,Paris,0,2,0
2012,10,75010,Paris,0,55,23
2012,18,75018,Paris,0,0,35
2012,14,75014,Paris,2,6,4
2012,14,75014,Paris,0,1,0
2012,17,75017,Paris,0,0,67
2012,19,75019,Paris,2,0,6
2012,19,75019,Paris,0,0,7
2013,18,75018,Paris,0,2,0
2013,16,75016,Paris,0,1,0
2013,9,75009,Paris,3,3,0
2013,8,75008,Paris,0,1,0
2013,13,75013,Paris,0,13,25
2013,16,75016,Paris,0,1,0
2013,18,75018,Paris,70,140,69
2013,12,75012,Paris,4,12,7
2014,13,75013,Paris,1,0,0
2014,15,75015,Paris,0,3,0
2014,19,75019,Paris,0,3,0
2014,20,75020,Paris,1,0,0
2014,9,75009,Paris,0,3,0
2014,1,75001,Paris,2,0,0
2014,19,75019,Paris,0,100,0
2015,15,75015,Paris,2,0,0
2015,10,75010,Paris,0,1,0
2015,18,75018,Paris,0,10,0
2015,15,75015,Paris,18,0,0
2015,13,75013,Paris,36,47,36
2015,13,75013,Paris,1,0,0
2015,11,75011,Paris,1,0,0
2015,15,75015,Paris,6,5,0
2015,16,75016,Paris,1,0,0
2015,17,75017,Paris,8,6,0
2015,17,75017,Paris,12,7,0
2015,4,75004,Paris,19,15,3
2015,11,75011,Paris,2,3,1
2015,17,75017,Paris,1,0,0
2015,8,75008,Paris,25,42,17
2016,12,75012,Paris,18,19,11
2016,15,75015,Paris,14,0,0
2016,9,75009,Paris,1,0,0
2016,18,75018,Paris,0,3,0
2016,4,75004,Paris,1,0,0
2017,3,75003,Paris,4,5,4
2017,13,75013,Paris,0,0,6
2017,14,75014,Paris,0,2,25
2017,12,75012,Paris,0,150,0
2017,2,75002,Paris,1,1,0
2017,18,75018,Paris,0,8,4
2017,6,75006,Paris,3,3,0
2017,10,75010,Paris,10,5,1
2017,20,75020,Paris,201,201,99
2018,18,75018,Paris,7,7,3
2018,3,75003,Paris,0,1,0
2018,11,75011,Paris,0,2,0
2018,16,75016,Paris,51,0,0
2018,1,75001,Paris,1,0,0
2019,18,75018,Paris,0,0,1
2019,13,75013,Paris,10,14,10
2019,15,75015,Paris,38,38,19
2019,15,75015,Paris,1,0,0
2019,12,75012,Paris,1,0,0
2019,20,75020,Paris,53,70,53
2019,14,75014,Paris,0,2,0
2020,14,75014,Paris,7,11,4
2020,17,75017,Paris,108,144,108
2020,11,75011,Paris,120,0,0
2020,14,75014,Paris,4,1,2
2020,15,75015,Paris,3,5,4
2020,9,75009,Paris,6,8,7
2020,18,75018,Paris,0,0,47
2021,12,75012,Paris,1,1,0
2021,12,75012,Paris,23,30,23
2021,15,75015,Paris,7,9,7
2021,15,75015,Paris,35,0,0
2021,17,75017,Paris,1,0,0
2021,3,75003,Paris,5,3,0
2021,5,75005,Paris,7,5,0
2021,17,75017,Paris,51,68,50
2021,3,75003,Paris,3,2,0
2022,13,75013,Paris,89,0,0
2022,3,75003,Paris,3,4,3
2022,15,75015,Paris,3,3,2
2022,20,75020,Paris,0,0,1
2022,20,75020,Paris,8,6,0
2022,18,75018,Paris,23,31,23
2022,12,75012,Paris,4,4,4
2022,18,75018,Paris,17,22,17
2022,13,75013,Paris,0,80,119
2023,14,75014,Paris,6,4,0
2023,16,75016,Paris,10,7,0
2023,18,75018,Paris,7,4,0
2023,20,75020,Paris,0,0,3
2023,13,75013,Paris,0,0,6
2023,18,75018,Paris,1,0,0
2023,3,75003,Paris,0,3,0
2023,19,75019,Paris,0,0,2
2024,10,75010,Paris,5,3,0
2024,11,75011,Paris,5,5,2
2001,17,75017,Paris,0,25,0
2001,12,75012,Paris,0,64,0
2002,12,75012,Paris,25,85,54
2002,7,75007,Paris,5,9,0
2002,16,75016,Paris,5,12,0
2002,12,75012,Paris,24,0,0
2002,18,75018,Paris,0,5,0
2002,20,75020,Paris,0,13,0
2002,15,75015,Paris,9,27,0
2002,5,75005,Paris,0,0,1
2003,13,75013,Paris,0,0,35
2003,5,75005,Paris,0,4,0
2003,9,75009,Paris,16,0,0
2003,13,75013,Paris,0,56,0
2003,17,75017,Paris,0,79,6
2004,5,75005,Paris,0,5,0
2004,19,75019,Paris,0,0,7
2004,18,75018,Paris,0,5,0
2005,19,75019,Paris,0,14,0
2005,17,75017,Paris,10,12,0
2005,12,75012,Paris,0,63,0
2005,2,75002,Paris,3,5,0
2005,18,75018,Paris,0,8,0
2005,18,75018,Paris,0,12,0
2005,20,75020,Paris,0,0,4
2006,12,75012,Paris,0,13,0
2006,16,75016,Paris,0,8,0
2006,20,75020,Paris,2,6,5
2006,14,75014,Paris,0,368,0
2006,12,75012,Paris,0,10,10
2006,17,75017,Paris,8,3,0
2006,16,75016,Paris,5,20,0
2006,20,75020,Paris,2,0,0
2006,17,75017,Paris,0,0,31
2007,14,75014,Paris,8,19,0
2007,1,75001,Paris,11,24,12
2007,18,75018,Paris,1,0,0
2007,17,75017,Paris,2,6,0
2007,11,75011,Paris,91,0,0
2007,11,75011,Paris,6,41,0
2007,16,75016,Paris,2,0,0
2007,13,75013,Paris,0,207,0
2007,16,75016,Paris,0,32,16
2007,6,75006,Paris,0,0,7
2007,20,75020,Paris,3,0,0
2007,17,75017,Paris,0,0,7
2007,20,75020,Paris,0,7,0
2007,19,75019,Paris,0,15,0
2007,18,75018,Paris,0,0,146
2007,18,75018,Paris,8,0,0
2007,19,75019,Paris,0,5,0
2007,17,75017,Paris,0,1,0
2008,19,75019,Paris,0,0,7
2008,9,75009,Paris,0,15,0
2008,9,75009,Paris,3,10,0
2008,18,75018,Paris,0,9,8
2008,19,75019,Paris,1,0,0
2008,16,75016,Paris,0,2,0
2008,13,75013,Paris,0,267,0
2008,1,75001,Paris,0,6,0
2008,1,75001,Paris,0,9,0
2008,2,75002,Paris,0,12,0
2008,3,75003,Paris,0,11,0
2008,3,75003,Paris,0,8,0
2008,4,75004,Paris,0,11,0
2008,12,75012,Paris,0,1,0
2008,19,75019,Paris,0,2,3
2008,18,75018,Paris,0,15,0
2009,9,75009,Paris,4,6,3
2009,3,75003,Paris,4,9,0
2009,20,75020,Paris,0,1,0
2009,19,75019,Paris,9,35,45
2009,14,75014,Paris,2,6,3
2009,18,75018,Paris,4,10,0
2009,11,75011,Paris,43,0,0
2009,8,75008,Paris,1,7,3
2009,20,75020,Paris,0,0,4
2009,20,75020,Paris,1,0,0
2009,20,75020,Paris,1,0,0
2009,20,75020,Paris,1,0,0
2009,13,75013,Paris,0,1,0
2009,4,75004,Paris,5,0,0
2009,18,75018,Paris,12,25,12
2010,11,75011,Paris,6,-1,0
2010,14,75014,Paris,0,1,0
2010,9,75009,Paris,2,7,3
2010,20,75020,Paris,180,0,0
2010,18,75018,Paris,0,0,0
2010,12,75012,Paris,0,344,0
2010,16,75016,Paris,0,1,0
2010,13,75013,Paris,3,11,14
2010,13,75013,Paris,0,35,36
2010,20,75020,Paris,222,0,0
2010,10,75010,Paris,2,7,0
2010,11,75011,Paris,0,12,6
2010,20,75020,Paris,0,4,3
2010,20,75020,Paris,0,9,8
2010,18,75018,Paris,0,2,0
2010,19,75019,Paris,0,4,7
2010,20,75020,Paris,0,5,0
2010,15,75015,Paris,4,6,2
2011,19,75019,Paris,53,0,0
2011,19,75019,Paris,106,0,0
2011,12,75012,Paris,3,7,0
2011,20,75020,Paris,0,1,0
2011,4,75004,Paris,0,26,0
2011,5,75005,Paris,0,6,0
2011,15,75015,Paris,1,0,0
2011,2,75002,Paris,4,10,0
2012,19,75019,Paris,173,0,0
2012,12,75012,Paris,3,4,2
2012,15,75015,Paris,0,0,15
2012,13,75013,Paris,0,1,0
2012,18,75018,Paris,2,4,2
2012,15,75015,Paris,67,44,0
2012,11,75011,Paris,4,8,1
2012,6,75006,Paris,0,0,2
2012,10,75010,Paris,2,6,0
2012,18,75018,Paris,0,0,13
2013,14,75014,Paris,7,6,9
2013,15,75015,Paris,2,2,0
2013,11,75011,Paris,0,1,0
2013,3,75003,Paris,1,0,0
2013,18,75018,Paris,0,33,0
2013,20,75020,Paris,0,7,0
2013,20,75020,Paris,0,21,0
2013,18,75018,Paris,36,0,0
2013,19,75019,Paris,0,0,15
2013,18,75018,Paris,0,6,0
2013,19,75019,Paris,0,0,17
2015,20,75020,Paris,0,7,0
2014,12,75012,Paris,0,1,0
2014,15,75015,Paris,3,5,2
2014,18,75018,Paris,6,5,0
2014,4,75004,Paris,6,11,8
2014,13,75013,Paris,0,2,0
2014,19,75019,Paris,0,1,0
2014,20,75020,Paris,3,0,0
2014,15,75015,Paris,4,5,26
2014,5,75005,Paris,1,14,0
2014,9,75009,Paris,7,8,4
2014,17,75017,Paris,5,2,3
2014,20,75020,Paris,22,0,0
2014,19,75019,Paris,0,0,18
2014,20,75020,Paris,2,4,7
2015,11,75011,Paris,1,0,0
2015,17,75017,Paris,1,3,0
2015,13,75013,Paris,2,0,0
2015,10,75010,Paris,0,1,0
2015,14,75014,Paris,0,0,9
2015,20,75020,Paris,0,0,15
2015,14,75014,Paris,46,33,0
2016,18,75018,Paris,3,1,0
2016,12,75012,Paris,31,5,0
2016,12,75012,Paris,0,0,54
2016,15,75015,Paris,8,8,0
2016,16,75016,Paris,1,0,0
2016,18,75018,Paris,10,10,0
2016,20,75020,Paris,0,0,24
2016,12,75012,Paris,3,0,0
2016,14,75014,Paris,1,0,0
2016,18,75018,Paris,1,0,0
2017,15,75015,Paris,14,13,0
2017,18,75018,Paris,0,0,72
2017,11,75011,Paris,1,0,0
2017,20,75020,Paris,0,0,1
2017,9,75009,Paris,5,6,5
2017,16,75016,Paris,14,11,0
2017,20,75020,Paris,0,3,5
2017,14,75014,Paris,0,109,0
2017,12,75012,Paris,0,1,0
2017,6,75006,Paris,0,1,0
2017,6,75006,Paris,0,2,0
2017,9,75009,Paris,5,6,5
2017,15,75015,Paris,8,6,0
2017,15,75015,Paris,26,80,26
2017,15,75015,Paris,33,33,17
2018,9,75009,Paris,2,0,0
2018,9,75009,Paris,1,0,0
2018,14,75014,Paris,1,0,0
2018,19,75019,Paris,0,0,2
2018,12,75012,Paris,28,17,12
2018,18,75018,Paris,0,3,5
2018,16,75016,Paris,25,0,0
2018,10,75010,Paris,25,0,0
2018,10,75010,Paris,18,0,0
2018,18,75018,Paris,6,7,5
2018,12,75012,Paris,8,5,3
2018,18,75018,Paris,0,80,0
2019,13,75013,Paris,0,0,1
2019,1,75001,Paris,7,3,0
2019,18,75018,Paris,46,0,0
2019,14,75014,Paris,25,0,0
2019,17,75017,Paris,17,10,7
2019,13,75013,Paris,0,0,1
2019,11,75011,Paris,14,8,6
2019,19,75019,Paris,0,1,0
2020,16,75016,Paris,1,0,0
2020,14,75014,Paris,1,0,0
2020,2,75002,Paris,0,2,2
2020,5,75005,Paris,0,365,200
2021,18,75018,Paris,10,9,0
2021,19,75019,Paris,0,0,6
2021,8,75008,Paris,6,4,0
2021,18,75018,Paris,23,30,22
2021,14,75014,Paris,14,19,15
2021,20,75020,Paris,9,12,8
2021,18,75018,Paris,0,7,6
2022,15,75015,Paris,3,4,1
2022,16,75016,Paris,6,4,0
2022,11,75011,Paris,30,40,30
2022,15,75015,Paris,26,35,27
2023,16,75016,Paris,1,0,0
2023,10,75010,Paris,12,6,5
2023,13,75013,Paris,2,0,0
2023,14,75014,Paris,16,15,12
2023,15,75015,Paris,0,1,0
2001,8,75008,Paris,31,21,0
2001,9,75009,Paris,1,0,0
2001,20,75020,Paris,0,40,46
2001,13,75013,Paris,0,78,0
2001,20,75020,Paris,0,3,0
2002,11,75011,Paris,0,0,20
2002,16,75016,Paris,1,22,0
2002,13,75013,Paris,7,24,15
2002,11,75011,Paris,12,40,26
2002,11,75011,Paris,0,12,0
2002,18,75018,Paris,24,0,0
2001,11,75011,Paris,13,0,0
2002,16,75016,Paris,1,0,0
2001,19,75019,Paris,0,0,224
2002,18,75018,Paris,0,0,6
2001,16,75016,Paris,0,211,99
2002,15,75015,Paris,12,36,0
2001,13,75013,Paris,0,2,0
2003,19,75019,Paris,0,94,0
2001,12,75012,Paris,11,0,0
2004,19,75019,Paris,0,11,0
2002,19,75019,Paris,0,0,18
2004,17,75017,Paris,0,0,2
2002,20,75020,Paris,0,0,35
2004,9,75009,Paris,4,20,0
2002,14,75014,Paris,9,36,0
2004,20,75020,Paris,0,13,0
2002,11,75011,Paris,0,23,14
2004,19,75019,Paris,0,0,105
2002,14,75014,Paris,0,4,0
2004,18,75018,Paris,0,0,19
2002,18,75018,Paris,0,0,5
2005,7,75007,Paris,0,10,0
2003,15,75015,Paris,10,48,10
2005,15,75015,Paris,3,27,0
2003,10,75010,Paris,0,0,9
2005,11,75011,Paris,0,6,0
2003,13,75013,Paris,25,0,0
2005,19,75019,Paris,2,0,0
2003,20,75020,Paris,1,0,0
2005,18,75018,Paris,14,0,30
2003,5,75005,Paris,0,7,0
2005,10,75010,Paris,3,11,29
2004,13,75013,Paris,0,0,48
2005,20,75020,Paris,4,10,5
2004,19,75019,Paris,0,0,54
2006,20,75020,Paris,5,0,0
2004,14,75014,Paris,0,8,0
2006,2,75002,Paris,0,22,0
2004,10,75010,Paris,0,17,0
2006,11,75011,Paris,0,0,10
2004,15,75015,Paris,48,0,0
2007,12,75012,Paris,32,0,0
2004,18,75018,Paris,3,10,0
2007,8,75008,Paris,2,4,0
2004,19,75019,Paris,0,8,0
2007,11,75011,Paris,0,12,0
2004,17,75017,Paris,4,33,18
2007,18,75018,Paris,0,3,0
2004,18,75018,Paris,0,0,10
2007,15,75015,Paris,3,19,42
2004,19,75019,Paris,0,0,22
2007,13,75013,Paris,0,10,0
2004,15,75015,Paris,0,0,55
2007,11,75011,Paris,4,12,8
2004,11,75011,Paris,4,15,0
2007,13,75013,Paris,20,0,0
2005,12,75012,Paris,0,0,12
2007,18,75018,Paris,0,5,0
2005,18,75018,Paris,0,0,89
2007,17,75017,Paris,0,1,0
2005,12,75012,Paris,0,0,2
2007,18,75018,Paris,0,0,11
2005,18,75018,Paris,0,2,0
2008,10,75010,Paris,4,0,0
2005,11,75011,Paris,0,0,42
2008,10,75010,Paris,4,4,0
2006,18,75018,Paris,0,38,0
2008,12,75012,Paris,0,23,0
2006,6,75006,Paris,0,15,30
2008,13,75013,Paris,0,0,48
2006,14,75014,Paris,0,0,13
2008,18,75018,Paris,0,4,0
2006,20,75020,Paris,0,48,0
2008,18,75018,Paris,1,6,0
2006,12,75012,Paris,4,0,0
2008,17,75017,Paris,0,6,0
2006,20,75020,Paris,2,0,0
2008,18,75018,Paris,3,0,0
2006,11,75011,Paris,0,7,6
2008,1,75001,Paris,0,10,0
2006,18,75018,Paris,0,55,0
2008,3,75003,Paris,0,11,0
2006,18,75018,Paris,0,15,0
2008,19,75019,Paris,1,6,0
2006,12,75012,Paris,5,9,8
2009,14,75014,Paris,15,0,0
2006,3,75003,Paris,0,18,0
2009,15,75015,Paris,2,24,12
2006,18,75018,Paris,0,0,13
2009,20,75020,Paris,2,13,7
2006,15,75015,Paris,0,34,0
2009,17,75017,Paris,0,3,0
2006,15,75015,Paris,0,0,20
2009,20,75020,Paris,0,1,0
2006,19,75019,Paris,0,0,8
2009,18,75018,Paris,6,7,6
2007,11,75011,Paris,0,8,0
2009,15,75015,Paris,0,6,0
2007,16,75016,Paris,4,16,0
2009,13,75013,Paris,0,5,25
2007,13,75013,Paris,0,11,0
2009,4,75004,Paris,13,30,13
2007,9,75009,Paris,130,0,0
2009,20,75020,Paris,1,10,0
2007,18,75018,Paris,5,0,5
2009,9,75009,Paris,5,10,4
2007,2,75002,Paris,38,0,0
2009,19,75019,Paris,0,17,0
2007,18,75018,Paris,0,0,10
2009,17,75017,Paris,0,1,0
2007,3,75003,Paris,3,4,0
2010,10,75010,Paris,0,0,21
2007,13,75013,Paris,0,0,65
2010,2,75002,Paris,1,4,0
2007,16,75016,Paris,30,75,30
2010,20,75020,Paris,3,0,0
2007,14,75014,Paris,18,72,41
2010,11,75011,Paris,0,3,0
2007,9,75009,Paris,0,1,0
2010,20,75020,Paris,0,87,0
2007,15,75015,Paris,0,6,0
2010,16,75016,Paris,0,1,0
2007,20,75020,Paris,0,4,4
2010,1,75001,Paris,4,10,0
2007,19,75019,Paris,0,0,7
2010,17,75017,Paris,20,50,30
2007,6,75006,Paris,15,0,0
2010,14,75014,Paris,0,66,0
2007,16,75016,Paris,0,5,0
2010,20,75020,Paris,2,13,4
2008,20,75020,Paris,2,11,2
2010,18,75018,Paris,2,7,2
2008,13,75013,Paris,0,0,9
2010,19,75019,Paris,0,0,36
2008,18,75018,Paris,6,6,0
2010,20,75020,Paris,3,20,7
2008,20,75020,Paris,0,2,0
2010,16,75016,Paris,0,1,0
2008,17,75017,Paris,8,18,9
2010,18,75018,Paris,0,2,0
2008,18,75018,Paris,0,10,10
2010,18,75018,Paris,0,3,0
2008,19,75019,Paris,0,22,45
2010,20,75020,Paris,0,2,0
2008,17,75017,Paris,0,270,0
2010,11,75011,Paris,5,12,3
2008,1,75001,Paris,0,18,0
2010,15,75015,Paris,2,5,2
2008,3,75003,Paris,0,23,0
2011,17,75017,Paris,21,0,0
2008,4,75004,Paris,0,10,0
2011,18,75018,Paris,52,0,0
2008,16,75016,Paris,0,1,0
2011,17,75017,Paris,0,1,0
2008,18,75018,Paris,2,2,0
2011,1,75001,Paris,4,4,0
2008,12,75012,Paris,9,0,9
2011,18,75018,Paris,0,26,0
2008,2,75002,Paris,8,0,0
2011,11,75011,Paris,26,0,0
2009,13,75013,Paris,3,6,0
2011,14,75014,Paris,14,42,48
2009,20,75020,Paris,0,13,6
2011,15,75015,Paris,17,43,26
2009,1,75001,Paris,7,0,0
2012,13,75013,Paris,0,1,0
2009,20,75020,Paris,0,31,31
2012,10,75010,Paris,3,4,4
2009,15,75015,Paris,0,1,0
2012,18,75018,Paris,4,6,4
2009,12,75012,Paris,1,14,6
2012,20,75020,Paris,0,5,6
2009,12,75012,Paris,1,13,7
2012,13,75013,Paris,0,0,375
2009,20,75020,Paris,0,2,0
2012,20,75020,Paris,0,0,47
2009,13,75013,Paris,4,17,4
2012,12,75012,Paris,3,5,0
2009,12,75012,Paris,110,100,0
2012,18,75018,Paris,0,1,0
2009,15,75015,Paris,13,82,40
2013,13,75013,Paris,0,1,0
2009,20,75020,Paris,37,0,0
2013,20,75020,Paris,22,0,0
2009,17,75017,Paris,0,7,13
2013,17,75017,Paris,0,0,10
2009,17,75017,Paris,0,150,0
2013,3,75003,Paris,0,2,0
2009,19,75019,Paris,0,0,2
2013,10,75010,Paris,0,30,0
2009,18,75018,Paris,24,0,0
2013,20,75020,Paris,0,0,5
2009,20,75020,Paris,1,0,0
2014,19,75019,Paris,3,0,0
2010,20,75020,Paris,-8,0,0
2014,13,75013,Paris,0,1,0
2010,5,75005,Paris,4,7,0
2014,16,75016,Paris,1,0,0
2010,19,75019,Paris,22,0,0
2014,11,75011,Paris,5,8,3
2010,15,75015,Paris,0,1,0
2014,16,75016,Paris,159,285,190
2010,15,75015,Paris,0,1,0
2014,18,75018,Paris,1,0,0
2010,17,75017,Paris,0,1,0
2015,10,75010,Paris,0,1,0
2010,18,75018,Paris,0,1,0
2015,10,75010,Paris,7,7,0
2010,14,75014,Paris,3,2,0
2015,13,75013,Paris,0,1,0
2010,14,75014,Paris,0,2,0
2015,20,75020,Paris,0,0,8
2010,16,75016,Paris,0,3,0
2015,11,75011,Paris,1,3,0
2010,11,75011,Paris,0,2,0
2015,15,75015,Paris,7,4,0
2010,12,75012,Paris,0,13,3
2015,14,75014,Paris,2,0,0
2010,11,75011,Paris,46,0,0
2015,17,75017,Paris,7,5,0
2010,3,75003,Paris,2,2,0
2015,20,75020,Paris,0,0,6
2010,20,75020,Paris,0,6,3
2016,7,75007,Paris,1,0,0
2010,16,75016,Paris,0,1,0
2016,15,75015,Paris,0,1,0
2010,13,75013,Paris,0,0,16
2016,13,75013,Paris,0,210,0
2011,11,75011,Paris,3,10,4
2016,12,75012,Paris,4,5,3
2011,11,75011,Paris,5,11,4
2016,16,75016,Paris,10,0,0
2011,15,75015,Paris,0,6,2
2016,19,75019,Paris,0,0,1
2011,15,75015,Paris,3,9,3
2016,3,75003,Paris,11,14,5
2011,20,75020,Paris,3,12,3
2016,12,75012,Paris,0,2,0
2011,15,75015,Paris,25,0,0
2016,18,75018,Paris,12,0,0
2011,20,75020,Paris,0,1,0
2016,14,75014,Paris,6,14,3
2011,4,75004,Paris,0,22,0
2017,13,75013,Paris,0,6,0
2011,13,75013,Paris,0,56,0
2017,18,75018,Paris,25,0,0
2011,18,75018,Paris,0,13,0
2017,4,75004,Paris,8,5,3
2012,14,75014,Paris,0,0,51
2017,15,75015,Paris,1,0,0
2012,15,75015,Paris,0,1,0
2017,11,75011,Paris,64,0,0
2012,17,75017,Paris,0,3,0
2017,20,75020,Paris,0,0,1
2012,20,75020,Paris,0,2,0
2017,19,75019,Paris,0,0,44
2012,13,75013,Paris,0,0,20
2017,10,75010,Paris,1,1,0
2012,11,75011,Paris,4,16,2
2017,10,75010,Paris,3,4,3
2012,14,75014,Paris,0,1,0
2017,17,75017,Paris,10,10,0
2012,20,75020,Paris,0,1,0
2017,18,75018,Paris,3,3,0
2013,1,75001,Paris,2,6,4
2017,15,75015,Paris,5,4,0
2013,6,75006,Paris,0,1,0
2017,19,75019,Paris,80,79,0
2013,10,75010,Paris,7,23,0
2017,14,75014,Paris,0,0,10
2013,12,75012,Paris,0,106,0
2017,15,75015,Paris,63,55,32
2013,14,75014,Paris,0,48,0
2018,19,75019,Paris,0,0,14
2013,15,75015,Paris,2,0,0
2018,8,75008,Paris,26,16,10
2013,15,75015,Paris,3,15,8
2018,11,75011,Paris,1,0,0
2013,16,75016,Paris,0,2,0
2018,11,75011,Paris,11,14,11
2013,10,75010,Paris,3,7,2
2018,19,75019,Paris,0,0,5
2013,11,75011,Paris,0,78,0
2018,2,75002,Paris,19,0,0
2013,14,75014,Paris,0,27,0
2018,17,75017,Paris,1,0,0
2013,20,75020,Paris,0,0,12
2018,14,75014,Paris,5,6,5
2014,17,75017,Paris,69,0,0
2018,6,75006,Paris,42,0,0
2014,8,75008,Paris,5,13,5
2018,13,75013,Paris,0,0,53
2014,20,75020,Paris,0,1,0
2019,13,75013,Paris,0,2,0
2014,19,75019,Paris,1,0,0
2019,12,75012,Paris,1,0,0
2014,9,75009,Paris,0,1,0
2019,14,75014,Paris,50,0,0
2014,17,75017,Paris,3,0,0
2019,11,75011,Paris,3,2,0
2015,19,75019,Paris,0,0,6
2019,14,75014,Paris,0,60,12
2015,20,75020,Paris,5,7,5
2019,19,75019,Paris,0,6,0
2015,19,75019,Paris,0,0,6
2019,14,75014,Paris,0,8,0
2015,17,75017,Paris,29,0,0
2019,20,75020,Paris,5,5,4
2015,17,75017,Paris,306,407,306
2019,20,75020,Paris,0,799,533
2015,5,75005,Paris,12,10,2
2019,20,75020,Paris,0,0,30
2015,20,75020,Paris,58,77,58
2019,15,75015,Paris,12,13,0
2016,13,75013,Paris,1,0,0
2020,10,75010,Paris,1,0,0
2016,10,75010,Paris,5,3,0
2020,13,75013,Paris,0,1,0
2016,19,75019,Paris,89,328,178
2020,13,75013,Paris,0,0,1
2016,10,75010,Paris,10,51,0
2021,12,75012,Paris,7,9,7
2016,14,75014,Paris,10,10,0
2021,18,75018,Paris,135,0,0
2016,8,75008,Paris,18,0,0
2021,8,75008,Paris,0,13,12
2016,12,75012,Paris,9,6,0
2021,15,75015,Paris,15,20,16
2016,18,75018,Paris,0,1,0
2022,12,75012,Paris,0,72,24
2016,4,75004,Paris,2,0,0
2022,18,75018,Paris,28,18,0
2017,20,75020,Paris,0,0,16
2022,20,75020,Paris,0,0,100
2017,12,75012,Paris,24,0,0
2023,13,75013,Paris,0,2,0
2017,14,75014,Paris,0,1,0
2023,14,75014,Paris,0,8,0
2017,17,75017,Paris,7,6,0
2023,13,75013,Paris,0,8,15
2017,19,75019,Paris,0,0,1
2023,15,75015,Paris,0,0,5
2017,15,75015,Paris,1,0,0
2023,9,75009,Paris,8,7,0
2017,6,75006,Paris,0,1,0
2023,12,75012,Paris,2,0,8
2017,18,75018,Paris,3,9,3
2023,20,75020,Paris,0,0,1
2017,15,75015,Paris,304,304,152
2023,4,75004,Paris,16,0,0
2017,15,75015,Paris,1,0,0
2023,12,75012,Paris,0,0,14
2018,12,75012,Paris,1,0,0
2024,18,75018,Paris,2,3,2
2018,18,75018,Paris,1,0,0
2024,19,75019,Paris,0,0,1
2018,18,75018,Paris,17,6,0
2024,12,75012,Paris,40,40,30
2018,8,75008,Paris,4,2,0
2024,5,75005,Paris,14,9,0
2018,14,75014,Paris,0,15,0
2024,6,75006,Paris,5,3,0
2018,18,75018,Paris,6,6,0
2024,20,75020,Paris,0,0,12
2019,12,75012,Paris,94,0,0
2024,18,75018,Paris,26,0,0
2019,13,75013,Paris,0,0,1
2019,12,75012,Paris,7,4,3
2019,20,75020,Paris,8,10,7
2019,10,75010,Paris,7,4,0
2019,15,75015,Paris,1,0,0
2019,17,75017,Paris,13,14,13
2019,20,75020,Paris,0,0,8
2019,9,75009,Paris,14,10,0
2019,14,75014,Paris,10,7,0
2019,18,75018,Paris,11,13,10
2019,18,75018,Paris,3,3,3
2019,20,75020,Paris,68,68,91
2019,20,75020,Paris,0,0,22
2019,13,75013,Paris,1,0,0
2020,17,75017,Paris,1,0,0
2020,1,75001,Paris,1,0,0
2020,13,75013,Paris,0,0,1
2020,13,75013,Paris,0,0,2
2020,12,75012,Paris,5,7,5
2020,20,75020,Paris,0,0,3
2020,13,75013,Paris,0,0,5
2021,10,75010,Paris,1,0,0
2021,20,75020,Paris,0,0,2
2021,4,75004,Paris,1,0,0
2021,13,75013,Paris,0,0,2
2021,19,75019,Paris,0,0,5
2021,4,75004,Paris,26,0,0
2021,20,75020,Paris,0,0,21
2021,12,75012,Paris,11,15,12
2022,13,75013,Paris,0,0,6
2022,2,75002,Paris,24,16,0
2022,20,75020,Paris,0,0,9
2022,15,75015,Paris,0,140,0
2023,20,75020,Paris,0,0,4
2023,20,75020,Paris,0,0,3
2023,17,75017,Paris,2,3,0
2023,19,75019,Paris,0,0,31
2023,20,75020,Paris,2,0,0
2023,15,75015,Paris,6,7,6
2023,10,75010,Paris,5,6,0
2023,13,75013,Paris,2,0,0
2023,11,75011,Paris,7,9,7
2023,15,75015,Paris,10,10,9
2024,13,75013,Paris,0,1,0
2024,15,75015,Paris,0,56,0
2024,20,75020,Paris,51,51,40
2024,12,75012,Paris,5,7,7
2024,12,75012,Paris,10,6,0
2001,18,75018,Paris,0,18,0
2001,11,75011,Paris,0,9,0
2001,10,75010,Paris,3,0,0
2002,18,75018,Paris,0,70,0
2002,10,75010,Paris,0,17,0
2002,14,75014,Paris,9,26,0
2002,11,75011,Paris,0,0,29
2002,17,75017,Paris,6,16,0
2002,8,75008,Paris,24,70,0
2002,10,75010,Paris,0,28,0
2002,12,75012,Paris,14,28,0
2002,13,75013,Paris,0,0,168
2002,18,75018,Paris,0,0,300
2003,15,75015,Paris,0,0,44
2003,11,75011,Paris,0,7,0
2003,11,75011,Paris,13,0,0
2003,20,75020,Paris,1,0,0
2004,13,75013,Paris,0,0,9
2004,5,75005,Paris,4,9,0
2004,11,75011,Paris,0,0,6
2004,18,75018,Paris,0,9,0
2004,20,75020,Paris,0,0,37
2004,16,75016,Paris,9,0,9
2004,19,75019,Paris,0,0,56
2004,18,75018,Paris,2,0,17
2004,18,75018,Paris,4,38,0
2005,19,75019,Paris,0,0,4
2005,20,75020,Paris,0,0,49
2005,20,75020,Paris,0,10,7
2005,10,75010,Paris,0,5,0
2005,15,75015,Paris,18,87,71
2005,19,75019,Paris,0,0,30
2005,10,75010,Paris,0,7,0
2006,19,75019,Paris,0,0,5
2006,8,75008,Paris,0,10,0
2006,14,75014,Paris,0,200,0
2006,20,75020,Paris,3,0,0
2006,15,75015,Paris,10,38,0
2006,11,75011,Paris,56,0,0
2006,18,75018,Paris,0,19,0
2006,20,75020,Paris,1,0,0
2006,15,75015,Paris,7,13,0
2006,11,75011,Paris,5,33,0
2006,9,75009,Paris,0,6,0
2007,18,75018,Paris,0,3,0
2007,20,75020,Paris,0,6,0
2007,15,75015,Paris,13,0,0
2007,10,75010,Paris,1,0,0
2007,14,75014,Paris,16,0,0
2007,3,75003,Paris,1,0,0
2007,18,75018,Paris,5,0,0
2007,17,75017,Paris,31,0,0
2007,13,75013,Paris,1,0,0
2007,18,75018,Paris,0,33,0
2007,15,75015,Paris,0,0,15
2007,18,75018,Paris,0,8,0
2007,14,75014,Paris,0,14,0
2007,14,75014,Paris,1,0,0
2007,18,75018,Paris,6,13,0
2007,17,75017,Paris,0,11,11
2007,11,75011,Paris,0,0,10
2007,15,75015,Paris,8,77,56
2007,13,75013,Paris,0,2,0
2008,10,75010,Paris,22,0,0
2008,20,75020,Paris,0,9,0
2008,17,75017,Paris,1,6,0
2008,10,75010,Paris,17,35,17
2008,16,75016,Paris,8,29,0
2008,10,75010,Paris,17,8,0
2008,13,75013,Paris,1,0,0
2008,1,75001,Paris,0,4,0
2008,1,75001,Paris,0,6,0
2008,3,75003,Paris,0,8,0
2008,12,75012,Paris,1,0,0
2008,18,75018,Paris,0,1,0
2008,20,75020,Paris,2,1,0
2008,18,75018,Paris,32,0,0
2008,20,75020,Paris,0,0,19
2009,18,75018,Paris,7,31,16
2009,18,75018,Paris,0,9,4
2009,4,75004,Paris,9,17,11
2009,20,75020,Paris,0,0,24
2009,15,75015,Paris,2,25,10
2009,3,75003,Paris,4,8,0
2009,13,75013,Paris,0,1,0
2009,15,75015,Paris,0,1,0
2009,20,75020,Paris,0,2,0
2009,11,75011,Paris,3,21,7
2009,11,75011,Paris,0,4,0
2009,11,75011,Paris,0,3,0
2009,19,75019,Paris,0,4,4
2009,18,75018,Paris,19,0,0
2009,13,75013,Paris,0,4,0
2009,10,75010,Paris,0,2,1
2009,18,75018,Paris,0,1,0
2009,18,75018,Paris,0,0,0
2009,9,75009,Paris,5,6,3
2010,11,75011,Paris,0,4,0
2010,4,75004,Paris,3,9,3
2010,18,75018,Paris,0,0,20
2010,9,75009,Paris,2,3,0
2010,20,75020,Paris,60,0,0
2010,17,75017,Paris,0,2,0
2010,15,75015,Paris,0,3,0
2010,18,75018,Paris,5,14,5
2010,10,75010,Paris,2,5,0
2010,14,75014,Paris,12,0,0
2010,19,75019,Paris,11,0,54
2010,18,75018,Paris,7,24,7
2010,18,75018,Paris,2,6,0
2010,13,75013,Paris,64,0,0
2011,1,75001,Paris,24,0,0
2011,13,75013,Paris,0,1,0
2011,20,75020,Paris,0,0,6
2011,10,75010,Paris,7,49,14
2011,20,75020,Paris,6,0,41
2011,14,75014,Paris,14,28,14
2011,11,75011,Paris,28,22,15
2011,20,75020,Paris,0,9,6
2011,4,75004,Paris,0,9,0
2011,4,75004,Paris,0,95,0
2011,5,75005,Paris,0,33,0
2011,15,75015,Paris,0,27,0
2011,17,75017,Paris,0,22,0
2011,20,75020,Paris,0,6,2
2012,13,75013,Paris,0,1,0
2012,20,75020,Paris,0,4,0
2012,17,75017,Paris,10,24,14
2012,4,75004,Paris,8,9,20
2012,13,75013,Paris,0,1,0
2012,14,75014,Paris,0,13,0
2012,17,75017,Paris,0,0,19
2012,20,75020,Paris,0,0,390
2012,18,75018,Paris,11,15,5
2012,12,75012,Paris,0,1,0
2013,13,75013,Paris,104,0,0
2013,12,75012,Paris,0,2,0
2013,15,75015,Paris,6,15,15
2013,15,75015,Paris,0,1,0
2013,17,75017,Paris,16,39,24
2013,19,75019,Paris,30,0,0
2013,18,75018,Paris,1,4,5
2013,13,75013,Paris,0,1,0
2013,15,75015,Paris,0,12,0
2013,9,75009,Paris,2,8,2
2013,9,75009,Paris,5,12,5
2013,15,75015,Paris,0,1,0
2013,20,75020,Paris,0,0,74
2013,12,75012,Paris,33,0,0
2014,20,75020,Paris,79,0,0
2014,17,75017,Paris,5,0,0
2014,14,75014,Paris,27,198,0
2014,17,75017,Paris,41,0,0
2014,13,75013,Paris,51,49,0
2014,11,75011,Paris,2,6,2
2015,17,75017,Paris,0,1,0
2015,13,75013,Paris,0,1,0
2015,20,75020,Paris,0,1,0
2015,12,75012,Paris,60,82,60
2015,14,75014,Paris,28,38,28
2015,17,75017,Paris,7,5,0
2016,15,75015,Paris,1,6,0
2016,17,75017,Paris,1,0,0
2016,8,75008,Paris,11,12,0
2016,11,75011,Paris,1,0,0
2016,12,75012,Paris,45,45,22
2016,15,75015,Paris,1,0,0
2016,20,75020,Paris,1,0,0
2016,10,75010,Paris,6,4,0
2016,12,75012,Paris,341,568,227
2016,14,75014,Paris,8,5,0
2016,18,75018,Paris,12,16,12
2016,10,75010,Paris,1,0,0
2016,11,75011,Paris,0,5,0
2016,12,75012,Paris,3,1,0
2016,13,75013,Paris,0,0,433
2016,18,75018,Paris,7,4,0
2017,18,75018,Paris,2,0,0
2017,4,75004,Paris,2,0,0
2017,11,75011,Paris,8,13,5
2017,19,75019,Paris,226,0,0
2017,10,75010,Paris,51,0,0
2018,2,75002,Paris,1,0,0
2018,12,75012,Paris,0,2,0
2018,20,75020,Paris,4,3,0
2018,20,75020,Paris,0,0,39
2018,18,75018,Paris,2,0,0
2018,20,75020,Paris,41,55,42
2018,15,75015,Paris,3,0,0
2018,11,75011,Paris,25,33,26
2018,18,75018,Paris,2,5,0
2018,10,75010,Paris,0,1,0
2018,16,75016,Paris,21,15,5
2018,13,75013,Paris,0,0,405
2018,13,75013,Paris,0,500,333
2019,11,75011,Paris,0,1,0
2019,12,75012,Paris,13,17,12
2019,18,75018,Paris,5,4,3
2019,12,75012,Paris,6,8,6
2019,18,75018,Paris,0,152,0
2019,20,75020,Paris,0,0,7
2019,18,75018,Paris,15,20,14
2020,16,75016,Paris,1,0,0
2020,17,75017,Paris,1,0,0
2020,17,75017,Paris,1,1,0
2020,13,75013,Paris,0,0,1
2020,19,75019,Paris,0,0,1
2020,10,75010,Paris,0,5,13
2020,17,75017,Paris,9,13,10
2020,12,75012,Paris,17,21,17
2021,18,75018,Paris,0,0,8
2021,12,75012,Paris,0,1,0
2021,18,75018,Paris,0,0,22
2021,1,75001,Paris,4,2,0
2022,13,75013,Paris,0,1,2
2022,11,75011,Paris,5,6,5
2022,10,75010,Paris,6,7,6
2022,15,75015,Paris,8,11,9
2023,11,75011,Paris,22,14,0
2023,5,75005,Paris,3,5,4
2023,13,75013,Paris,0,0,12
2023,16,75016,Paris,1,0,0
2024,11,75011,Paris,0,1,0
2024,12,75012,Paris,23,0,0
2024,11,75011,Paris,7,5,0
2024,19,75019,Paris,0,0,23
2024,10,75010,Paris,2,0,0
2024,17,75017,Paris,1,2,2
2024,18,75018,Paris,8,5,0
2024,13,75013,Paris,0,1,0
2024,15,75015,Paris,0,0,30
2024,13,75013,Paris,36,64,43
2001,15,75015,Paris,0,32,0
2001,20,75020,Paris,0,8,0
2001,20,75020,Paris,1,0,0
2001,12,75012,Paris,0,14,0
2001,20,75020,Paris,0,4,0
2001,3,75003,Paris,0,47,0
2002,12,75012,Paris,0,0,4
2002,3,75003,Paris,11,27,0
2002,13,75013,Paris,10,40,0
2002,18,75018,Paris,0,25,0
2003,11,75011,Paris,0,0,28
2003,4,75004,Paris,0,13,0
2003,15,75015,Paris,0,85,42
2003,12,75012,Paris,13,0,0
2003,20,75020,Paris,1,0,0
2003,5,75005,Paris,0,10,0
2003,12,75012,Paris,0,0,48
2004,11,75011,Paris,0,0,9
2004,20,75020,Paris,0,0,49
2004,10,75010,Paris,0,59,0
2004,18,75018,Paris,0,0,1
2004,19,75019,Paris,0,0,9
2004,19,75019,Paris,1,0,0
2004,11,75011,Paris,4,7,6
2004,11,75011,Paris,9,0,0
2004,13,75013,Paris,0,47,0
2004,11,75011,Paris,41,0,0
2004,10,75010,Paris,17,0,0
2005,19,75019,Paris,0,0,10
2005,11,75011,Paris,1,0,0
2005,18,75018,Paris,0,12,0
2005,13,75013,Paris,0,4,19
2005,11,75011,Paris,5,11,0
2005,11,75011,Paris,0,15,0
2005,10,75010,Paris,0,0,10
2006,11,75011,Paris,0,79,0
2006,4,75004,Paris,4,5,0
2006,20,75020,Paris,14,0,0
2006,13,75013,Paris,0,0,2
2006,15,75015,Paris,0,43,0
2006,11,75011,Paris,0,9,9
2006,17,75017,Paris,0,3,0
2007,8,75008,Paris,1,7,0
2007,13,75013,Paris,0,11,0
2007,10,75010,Paris,5,12,0
2007,11,75011,Paris,6,0,0
2007,19,75019,Paris,41,0,0
2007,18,75018,Paris,10,0,0
2007,18,75018,Paris,14,0,26
2007,14,75014,Paris,2,0,0
2007,15,75015,Paris,1,0,0
2007,15,75015,Paris,8,31,0
2007,10,75010,Paris,1,0,0
2007,14,75014,Paris,15,0,0
2007,10,75010,Paris,0,19,0
2007,7,75007,Paris,0,0,14
2007,12,75012,Paris,0,128,0
2007,18,75018,Paris,0,0,24
2007,15,75015,Paris,4,8,4
2007,18,75018,Paris,0,6,0
2008,19,75019,Paris,0,104,0
2008,18,75018,Paris,0,15,0
2008,12,75012,Paris,0,1,0
2008,3,75003,Paris,0,6,0
2008,4,75004,Paris,0,10,0
2008,4,75004,Paris,0,8,0
2008,4,75004,Paris,0,7,0
2008,17,75017,Paris,0,2,0
2008,11,75011,Paris,1,0,0
2008,19,75019,Paris,14,57,71
2009,11,75011,Paris,3,9,2
2009,17,75017,Paris,1,12,5
2009,17,75017,Paris,0,4,0
2009,16,75016,Paris,8,30,13
2009,13,75013,Paris,3,8,3
2009,15,75015,Paris,1,6,3
2009,20,75020,Paris,0,1,0
2009,20,75020,Paris,0,3,0
2009,14,75014,Paris,3,6,3
2010,15,75015,Paris,0,5,0
2010,20,75020,Paris,0,4,3
2010,15,75015,Paris,1,0,0
2010,19,75019,Paris,0,16,0
2010,18,75018,Paris,20,44,16
2010,13,75013,Paris,6,24,30
2010,10,75010,Paris,22,0,0
2010,18,75018,Paris,5,15,5
2010,15,75015,Paris,30,0,0
2010,20,75020,Paris,2,11,9
2010,18,75018,Paris,0,0,0
2011,12,75012,Paris,0,9,0
2011,13,75013,Paris,0,91,0
2011,16,75016,Paris,0,2,0
2011,4,75004,Paris,0,45,0
2011,15,75015,Paris,26,56,36
2011,18,75018,Paris,4,9,0
2011,11,75011,Paris,0,15,0
2011,17,75017,Paris,0,8,24
2011,4,75004,Paris,0,36,0
2011,5,75005,Paris,0,12,0
2011,6,75006,Paris,0,0,20
2011,19,75019,Paris,0,2,0
2011,19,75019,Paris,0,0,30
2011,12,75012,Paris,0,4,0
2012,10,75010,Paris,5,15,15
2012,15,75015,Paris,0,0,60
2012,1,75001,Paris,4,16,0
2012,3,75003,Paris,2,9,2
2012,11,75011,Paris,2,11,2
2013,16,75016,Paris,1,0,0
2013,17,75017,Paris,15,36,23
2013,15,75015,Paris,44,0,0
2013,18,75018,Paris,2,31,16
2013,20,75020,Paris,0,0,9
2013,20,75020,Paris,0,0,23
2013,19,75019,Paris,0,0,10
2014,20,75020,Paris,2,0,0
2014,10,75010,Paris,0,37,0
2014,11,75011,Paris,0,1,0
2014,13,75013,Paris,0,0,10
2014,16,75016,Paris,10,18,12
2014,16,75016,Paris,22,39,26
2014,18,75018,Paris,0,0,46
2014,12,75012,Paris,10,10,3
2014,10,75010,Paris,10,7,0
2015,10,75010,Paris,0,1,0
2015,15,75015,Paris,3,3,2
2015,19,75019,Paris,0,0,30
2015,4,75004,Paris,12,9,0
2015,10,75010,Paris,6,4,0
2015,15,75015,Paris,0,1,0
2015,6,75006,Paris,7,5,0
2015,16,75016,Paris,22,16,0
2016,13,75013,Paris,240,0,0
2016,17,75017,Paris,2,2,2
2016,13,75013,Paris,17,22,16
2016,15,75015,Paris,0,1,0
2016,19,75019,Paris,15,0,0
2016,1,75001,Paris,7,7,0
2016,6,75006,Paris,4,4,0
2016,11,75011,Paris,0,60,0
2016,13,75013,Paris,29,38,28
2017,17,75017,Paris,7,6,0
2017,20,75020,Paris,0,0,12
2017,19,75019,Paris,0,1,0
2017,15,75015,Paris,7,9,0
2017,13,75013,Paris,0,0,7
2017,6,75006,Paris,3,1,0
2017,18,75018,Paris,2,1,0
2018,15,75015,Paris,1,0,0
2018,20,75020,Paris,0,0,1
2018,11,75011,Paris,1,0,0
2018,18,75018,Paris,0,0,26
2018,20,75020,Paris,3,0,0
2018,15,75015,Paris,1,0,0
2018,18,75018,Paris,13,12,0
2018,18,75018,Paris,19,24,96
2018,12,75012,Paris,9,0,0
2018,13,75013,Paris,0,61,91
2019,14,75014,Paris,283,0,0
2019,15,75015,Paris,9,5,3
2019,18,75018,Paris,10,10,0
2019,13,75013,Paris,3,0,0
2019,19,75019,Paris,0,0,11
2019,19,75019,Paris,4,0,0
2019,13,75013,Paris,0,0,2
2019,18,75018,Paris,0,0,1
2020,7,75007,Paris,8,5,0
2020,12,75012,Paris,1,0,0
2020,11,75011,Paris,2,0,0
2020,3,75003,Paris,0,0,40
2020,20,75020,Paris,19,0,0
2021,13,75013,Paris,1,0,0
2021,7,75007,Paris,6,4,0
2021,18,75018,Paris,5,7,5
2021,12,75012,Paris,9,14,10
2021,12,75012,Paris,16,22,16
2021,19,75019,Paris,0,0,24
2021,20,75020,Paris,42,56,41
2022,19,75019,Paris,27,0,0
2022,10,75010,Paris,1,0,0
2022,1,75001,Paris,1,0,0
2022,17,75017,Paris,0,0,12
2022,11,75011,Paris,2,3,2
2022,13,75013,Paris,1,0,0
2022,5,75005,Paris,10,13,9
2022,14,75014,Paris,20,28,21
2022,15,75015,Paris,43,58,43
2022,18,75018,Paris,0,38,90
2022,18,75018,Paris,0,7,16
2023,16,75016,Paris,9,6,0
2023,12,75012,Paris,43,43,36
2023,19,75019,Paris,0,0,22
2023,13,75013,Paris,0,1,0
2023,16,75016,Paris,0,2,0
2023,15,75015,Paris,5,7,5
2023,20,75020,Paris,0,0,25
2024,15,75015,Paris,6,6,6
2024,9,75009,Paris,0,0,49
2024,12,75012,Paris,14,13,17
2024,9,75009,Paris,8,5,0
2024,5,75005,Paris,0,0,91
2024,18,75018,Paris,0,100,0
2001,18,75018,Paris,21,0,0
2001,15,75015,Paris,0,7,10
2002,16,75016,Paris,7,20,0
2002,9,75009,Paris,12,0,0
2002,18,75018,Paris,0,32,0
2003,20,75020,Paris,0,0,11
2003,14,75014,Paris,7,21,0
2003,5,75005,Paris,0,6,0
2003,13,75013,Paris,0,0,15
2003,17,75017,Paris,0,0,33
2003,19,75019,Paris,0,0,6
2003,20,75020,Paris,0,0,26
2003,19,75019,Paris,0,7,0
2003,12,75012,Paris,68,0,0
2003,19,75019,Paris,1,0,0
2003,5,75005,Paris,0,17,0
2004,18,75018,Paris,0,22,0
2004,11,75011,Paris,0,2,0
2004,14,75014,Paris,3,13,0
2004,8,75008,Paris,3,5,2
2004,20,75020,Paris,0,3,0
2004,20,75020,Paris,0,0,44
2004,7,75007,Paris,3,6,0
2005,18,75018,Paris,71,0,0
2005,12,75012,Paris,2,19,0
2005,18,75018,Paris,0,18,0
2005,20,75020,Paris,0,0,47
2005,9,75009,Paris,9,22,12
2006,5,75005,Paris,0,8,0
2006,18,75018,Paris,0,3,0
2006,20,75020,Paris,8,0,0
2006,13,75013,Paris,27,0,0
2006,2,75002,Paris,3,0,0
2006,18,75018,Paris,42,0,0
2006,5,75005,Paris,3,6,8
2006,12,75012,Paris,1,0,0
2006,19,75019,Paris,0,0,4
2007,18,75018,Paris,0,0,3
2007,20,75020,Paris,0,0,0
2007,16,75016,Paris,6,20,5
2007,13,75013,Paris,0,8,40
2007,15,75015,Paris,0,11,0
2007,18,75018,Paris,10,25,0
2007,11,75011,Paris,0,0,1
2007,11,75011,Paris,8,12,8
2007,11,75011,Paris,0,0,0
2008,10,75010,Paris,5,0,0
2008,18,75018,Paris,3,0,0
2008,15,75015,Paris,5,15,0
2008,19,75019,Paris,0,0,3
2008,14,75014,Paris,0,12,0
2008,13,75013,Paris,0,1,0
2008,15,75015,Paris,0,6,0
2008,16,75016,Paris,0,1,0
2008,16,75016,Paris,0,4,0
2008,16,75016,Paris,0,4,0
2008,12,75012,Paris,0,17,0
2008,16,75016,Paris,0,5,0
2008,19,75019,Paris,0,0,3
2008,10,75010,Paris,9,14,3
2008,20,75020,Paris,2,0,0
2008,18,75018,Paris,0,0,5
2009,20,75020,Paris,0,6,3
2009,19,75019,Paris,0,11,0
2009,14,75014,Paris,2,5,0
2009,18,75018,Paris,2,6,2
2009,17,75017,Paris,3,14,6
2009,12,75012,Paris,0,3,0
2009,13,75013,Paris,0,18,12
2009,20,75020,Paris,1,0,0
2009,20,75020,Paris,1,0,0
2009,18,75018,Paris,0,6,3
2009,10,75010,Paris,4,8,4
2009,15,75015,Paris,1,0,0
2010,14,75014,Paris,1,0,0
2010,14,75014,Paris,0,21,0
2010,17,75017,Paris,0,0,4
2010,12,75012,Paris,0,0,159
2010,15,75015,Paris,1,1,0
2010,18,75018,Paris,3,0,0
2010,15,75015,Paris,0,12,3
2010,18,75018,Paris,0,13,3
2010,1,75001,Paris,0,4,0
2010,20,75020,Paris,0,90,0
2010,12,75012,Paris,0,1,0
2010,13,75013,Paris,0,4,0
2010,12,75012,Paris,0,6,0
2010,19,75019,Paris,0,2,0
2011,13,75013,Paris,65,0,0
2011,11,75011,Paris,3,8,0
2011,18,75018,Paris,3,12,3
2011,2,75002,Paris,12,0,0
2011,1,75001,Paris,0,1,0
2011,15,75015,Paris,5,12,7
2011,15,75015,Paris,0,25,12
2011,18,75018,Paris,3,6,2
2011,4,75004,Paris,0,5,0
2011,5,75005,Paris,0,8,0
2011,13,75013,Paris,11,49,27
2011,15,75015,Paris,0,0,26
2012,10,75010,Paris,66,0,0
2012,11,75011,Paris,12,12,20
2012,5,75005,Paris,0,1,0
2012,20,75020,Paris,0,7,4
2012,14,75014,Paris,4,8,2
2012,15,75015,Paris,2,7,6
2012,15,75015,Paris,0,2,0
2012,4,75004,Paris,0,3,0
2012,13,75013,Paris,0,0,21
2012,9,75009,Paris,0,3,0
2012,15,75015,Paris,6,17,6
2012,20,75020,Paris,0,0,4
2012,19,75019,Paris,0,0,13
2013,18,75018,Paris,55,0,0
2013,15,75015,Paris,0,0,42
2013,14,75014,Paris,33,0,0
2013,14,75014,Paris,0,0,75
2013,15,75015,Paris,5,5,3
2013,15,75015,Paris,0,14,0
2013,3,75003,Paris,0,1,0
2013,12,75012,Paris,0,0,368
2013,17,75017,Paris,2,8,4
2013,13,75013,Paris,22,107,52
2013,10,75010,Paris,2,6,3
2013,20,75020,Paris,0,0,120
2013,16,75016,Paris,0,0,5
2014,14,75014,Paris,0,0,12
2014,6,75006,Paris,0,16,0
2014,12,75012,Paris,1,1,0
2014,14,75014,Paris,2,32,0
2014,18,75018,Paris,15,15,0
2014,19,75019,Paris,64,0,0
2015,20,75020,Paris,3,0,0
2015,13,75013,Paris,0,1,0
2015,15,75015,Paris,1,0,0
2015,15,75015,Paris,9,4,0
2015,16,75016,Paris,87,117,87
2015,20,75020,Paris,3,0,0
2015,20,75020,Paris,0,23,22
2015,12,75012,Paris,10,6,6
2015,12,75012,Paris,9,4,6
2015,4,75004,Paris,6,5,1
2015,9,75009,Paris,2,0,0
2015,10,75010,Paris,11,29,17
2015,13,75013,Paris,0,0,42
2015,14,75014,Paris,5,5,0
2015,17,75017,Paris,5,4,0
2016,17,75017,Paris,250,0,0
2016,13,75013,Paris,0,320,66
2016,14,75014,Paris,24,10,0
2017,10,75010,Paris,8,6,3
2017,4,75004,Paris,28,28,24
2017,14,75014,Paris,0,0,9
2017,17,75017,Paris,14,14,0
2017,4,75004,Paris,3,3,0
2017,11,75011,Paris,3,6,9
2017,12,75012,Paris,6,5,1
2017,11,75011,Paris,1,0,0
2017,6,75006,Paris,8,5,0
2017,19,75019,Paris,1,0,0
2017,6,75006,Paris,0,1,0
2017,15,75015,Paris,152,152,76
2018,6,75006,Paris,2,3,0
2018,12,75012,Paris,1,0,0
2018,14,75014,Paris,1,0,0
2018,18,75018,Paris,0,2,0
2018,13,75013,Paris,0,22,0
2018,18,75018,Paris,7,7,0
2018,4,75004,Paris,1,0,0
2019,11,75011,Paris,1,0,0
2019,17,75017,Paris,0,1,0
2019,13,75013,Paris,0,0,2
2019,17,75017,Paris,1,0,0
2020,18,75018,Paris,1,0,4
2020,15,75015,Paris,80,0,0
2020,16,75016,Paris,5,6,5
2021,19,75019,Paris,0,5,0
2021,15,75015,Paris,4,8,0
2021,18,75018,Paris,23,30,23
2021,10,75010,Paris,19,13,0
2021,20,75020,Paris,14,19,15
2022,10,75010,Paris,10,12,9
2022,18,75018,Paris,16,21,16
2022,12,75012,Paris,0,0,76
2022,20,75020,Paris,16,21,15
2023,4,75004,Paris,12,15,11
2023,8,75008,Paris,0,6,4
2023,11,75011,Paris,9,5,0
2023,18,75018,Paris,0,155,0
2023,3,75003,Paris,8,5,3
2023,13,75013,Paris,0,1,0
2023,10,75010,Paris,3,2,7
2023,20,75020,Paris,0,0,16
2024,13,75013,Paris,0,1,0
2024,9,75009,Paris,8,6,0
2024,5,75005,Paris,14,10,0
2024,18,75018,Paris,0,0,24
2001,6,75006,Paris,0,0,6
2001,15,75015,Paris,7,0,0
2001,10,75010,Paris,0,59,0
2001,8,75008,Paris,0,14,0
2002,17,75017,Paris,0,18,0
2002,20,75020,Paris,0,34,0
2002,19,75019,Paris,1,0,0
2002,18,75018,Paris,0,6,0
2002,19,75019,Paris,0,20,0
2003,19,75019,Paris,0,0,21
2003,17,75017,Paris,0,6,0
2003,10,75010,Paris,5,19,0
2004,17,75017,Paris,7,22,0
2004,6,75006,Paris,2,6,0
2004,17,75017,Paris,0,0,11
2004,18,75018,Paris,0,4,0
2004,19,75019,Paris,0,49,0
2004,2,75002,Paris,2,6,0
2004,11,75011,Paris,8,16,19
2004,10,75010,Paris,8,9,0
2004,12,75012,Paris,16,64,0
2004,15,75015,Paris,4,4,0
2004,9,75009,Paris,4,13,0
2004,18,75018,Paris,0,0,6
2004,19,75019,Paris,0,0,6
2004,19,75019,Paris,0,0,5
2005,12,75012,Paris,0,9,0
2005,19,75019,Paris,400,0,0
2005,3,75003,Paris,4,4,0
2005,18,75018,Paris,0,25,0
2005,18,75018,Paris,0,5,0
2005,10,75010,Paris,31,0,0
2005,9,75009,Paris,0,17,0
2005,20,75020,Paris,0,0,10
2005,19,75019,Paris,0,0,7
2005,10,75010,Paris,1,0,0
2006,18,75018,Paris,0,19,0
2006,17,75017,Paris,0,30,0
2006,20,75020,Paris,2,0,0
2006,11,75011,Paris,0,4,0
2006,18,75018,Paris,0,17,0
2006,19,75019,Paris,0,2,0
2006,13,75013,Paris,20,0,0
2007,12,75012,Paris,24,0,0
2007,12,75012,Paris,7,0,0
2007,8,75008,Paris,5,20,10
2007,11,75011,Paris,0,5,0
2007,1,75001,Paris,10,5,0
2007,20,75020,Paris,0,4,0
2007,15,75015,Paris,58,0,0
2007,20,75020,Paris,8,0,0
2007,14,75014,Paris,6,16,0
2007,13,75013,Paris,0,54,0
2007,9,75009,Paris,0,1,0
2007,1,75001,Paris,2,0,0
2007,9,75009,Paris,15,23,10
2007,20,75020,Paris,18,0,0
2008,12,75012,Paris,0,32,30
2008,11,75011,Paris,4,14,0
2008,17,75017,Paris,2,8,0
2008,1,75001,Paris,0,17,0
2008,1,75001,Paris,0,10,0
2008,4,75004,Paris,0,12,0
2008,15,75015,Paris,13,76,38
2008,14,75014,Paris,2,8,5
2008,20,75020,Paris,2,1,0
2008,18,75018,Paris,2,0,0
2008,20,75020,Paris,3,5,2
2009,20,75020,Paris,23,0,0
2009,16,75016,Paris,3,0,0
2009,20,75020,Paris,2,8,0
2009,11,75011,Paris,8,17,5
2009,9,75009,Paris,3,4,0
2009,15,75015,Paris,0,1,0
2009,19,75019,Paris,0,10,27
2009,10,75010,Paris,5,10,0
2009,15,75015,Paris,26,0,0
2009,3,75003,Paris,2,1,0
2009,15,75015,Paris,3,18,9
2009,11,75011,Paris,0,1,0
2009,20,75020,Paris,2,0,0
2009,18,75018,Paris,0,4,0
2009,12,75012,Paris,0,1,0
2009,13,75013,Paris,0,34,0
2009,18,75018,Paris,3,6,9
2010,20,75020,Paris,0,0,200
2010,8,75008,Paris,4,10,3
2010,17,75017,Paris,0,1,0
2010,20,75020,Paris,0,24,23
2010,17,75017,Paris,0,1,0
2010,10,75010,Paris,7,20,5
2010,12,75012,Paris,0,6,4
2010,19,75019,Paris,8,34,42
2010,18,75018,Paris,20,0,0
2010,17,75017,Paris,0,1,0
2010,11,75011,Paris,0,14,0
2010,19,75019,Paris,102,26,0
2010,18,75018,Paris,0,0,0
2010,12,75012,Paris,27,0,0
2011,4,75004,Paris,0,4,0
2011,12,75012,Paris,0,1,0
2011,15,75015,Paris,27,0,0
2011,15,75015,Paris,2,0,0
2011,15,75015,Paris,6,15,9
2011,11,75011,Paris,0,22,0
2011,18,75018,Paris,0,20,0
2011,18,75018,Paris,0,0,3
2012,13,75013,Paris,182,0,0
2012,13,75013,Paris,0,1,0
2012,15,75015,Paris,0,0,20
2012,13,75013,Paris,0,1,0
2013,20,75020,Paris,0,0,18
2013,20,75020,Paris,0,20,30
2013,11,75011,Paris,0,1,0
2013,11,75011,Paris,1,0,0
2013,12,75012,Paris,0,1,0
2013,13,75013,Paris,0,0,4
2013,13,75013,Paris,1,1,8
2013,17,75017,Paris,5,8,6
2013,20,75020,Paris,0,121,0
2013,17,75017,Paris,12,24,12
2013,18,75018,Paris,2,8,5
2014,11,75011,Paris,0,1,0
2014,17,75017,Paris,2,0,0
2014,5,75005,Paris,7,14,9
2014,12,75012,Paris,1,0,0
2014,13,75013,Paris,0,47,47
2014,9,75009,Paris,2,27,0
2014,13,75013,Paris,0,10,11
2014,15,75015,Paris,4,6,4
2014,17,75017,Paris,0,151,0
2014,17,75017,Paris,9,19,5
2015,13,75013,Paris,5,0,0
2015,17,75017,Paris,6,0,0
2015,10,75010,Paris,0,1,0
2015,10,75010,Paris,1,0,0
2015,5,75005,Paris,27,36,27
2015,20,75020,Paris,1,0,0
2015,11,75011,Paris,0,12,0
2015,18,75018,Paris,6,7,6
2015,17,75017,Paris,5,4,0
2015,17,75017,Paris,5,4,0
2015,18,75018,Paris,3,3,0
2016,20,75020,Paris,15,60,75
2016,11,75011,Paris,5,7,5
2016,15,75015,Paris,1,0,0
2016,18,75018,Paris,0,1,0
2016,10,75010,Paris,9,6,0
2016,11,75011,Paris,1,0,0
2016,11,75011,Paris,1,0,0
2017,13,75013,Paris,145,0,0
2017,9,75009,Paris,4,2,0
2017,19,75019,Paris,0,0,18
2017,19,75019,Paris,0,0,1
2017,16,75016,Paris,17,17,0
2017,12,75012,Paris,0,0,1
2017,1,75001,Paris,0,1,0
2017,1,75001,Paris,1,0,0
2017,3,75003,Paris,0,1,0
2017,10,75010,Paris,0,1,0
2017,10,75010,Paris,6,9,6
2018,2,75002,Paris,1,0,0
2018,9,75009,Paris,1,0,0
2018,13,75013,Paris,0,70,70
2018,20,75020,Paris,0,8,18
2018,10,75010,Paris,8,5,0
2018,13,75013,Paris,0,0,103
2019,13,75013,Paris,5,0,0
2019,11,75011,Paris,60,0,0
2019,14,75014,Paris,5,6,5
2019,12,75012,Paris,34,46,34
2020,5,75005,Paris,13,9,0
2020,13,75013,Paris,0,0,6
2020,12,75012,Paris,0,0,14
2020,11,75011,Paris,3,4,3
2020,20,75020,Paris,4,4,4
2020,17,75017,Paris,8,5,4
2020,11,75011,Paris,104,0,0
2021,18,75018,Paris,26,0,0
2021,20,75020,Paris,18,0,0
2021,13,75013,Paris,0,0,15
2021,20,75020,Paris,4,4,16
2021,20,75020,Paris,13,17,13
2021,1,75001,Paris,4,2,0
2021,17,75017,Paris,27,36,27
2021,4,75004,Paris,2,1,0
2021,14,75014,Paris,25,33,24
2022,8,75008,Paris,0,0,12
2022,13,75013,Paris,0,1,0
2023,12,75012,Paris,1,0,0
2023,15,75015,Paris,36,9,0
2023,12,75012,Paris,3,0,0
2023,8,75008,Paris,5,0,0
2023,11,75011,Paris,8,5,3
2023,18,75018,Paris,5,7,5
2023,20,75020,Paris,0,0,22
2023,20,75020,Paris,26,26,21
2024,13,75013,Paris,0,2,0
2024,18,75018,Paris,0,32,0
2024,6,75006,Paris,0,22,6
2024,9,75009,Paris,13,9,0
2024,4,75004,Paris,4,3,0
2024,15,75015,Paris,0,34,0
2024,11,75011,Paris,22,19,6
2001,11,75011,Paris,0,5,0
2001,15,75015,Paris,2,0,0
2001,20,75020,Paris,0,52,0
2001,15,75015,Paris,0,44,0
2001,19,75019,Paris,0,0,314
2002,17,75017,Paris,0,0,34
2002,11,75011,Paris,0,27,0
2003,15,75015,Paris,0,18,10
2003,11,75011,Paris,9,27,0
2003,14,75014,Paris,0,45,0
2003,19,75019,Paris,76,0,0
2003,15,75015,Paris,7,37,0
2004,2,75002,Paris,0,6,0
2004,2,75002,Paris,0,6,0
2004,19,75019,Paris,0,0,165
2004,20,75020,Paris,2,0,0
2004,13,75013,Paris,0,0,4
2004,19,75019,Paris,0,0,51
2004,7,75007,Paris,6,0,0
2004,11,75011,Paris,0,41,41
2004,18,75018,Paris,7,0,0
2004,19,75019,Paris,0,0,50
2004,10,75010,Paris,2,0,0
2005,20,75020,Paris,0,10,10
2005,17,75017,Paris,40,0,0
2005,2,75002,Paris,2,0,0
2005,20,75020,Paris,0,0,4
2005,15,75015,Paris,4,9,0
2005,10,75010,Paris,8,9,0
2006,17,75017,Paris,277,0,0
2006,2,75002,Paris,7,8,0
2006,12,75012,Paris,0,3,0
2006,4,75004,Paris,5,10,0
2006,18,75018,Paris,0,8,0
2006,18,75018,Paris,39,0,0
2006,11,75011,Paris,0,0,46
2007,11,75011,Paris,0,6,0
2007,18,75018,Paris,14,0,14
2007,3,75003,Paris,2,0,0
2007,16,75016,Paris,16,0,0
2007,13,75013,Paris,1,0,0
2007,17,75017,Paris,10,19,0
2007,12,75012,Paris,2,12,9
2007,7,75007,Paris,4,16,0
2007,18,75018,Paris,22,0,0
2007,20,75020,Paris,0,5,0
2007,2,75002,Paris,6,5,0
2007,15,75015,Paris,0,1,0
2007,16,75016,Paris,0,3,0
2008,19,75019,Paris,0,0,18
2008,20,75020,Paris,0,3,6
2008,9,75009,Paris,0,0,71
2008,11,75011,Paris,7,12,7
2008,12,75012,Paris,4,8,0
2008,1,75001,Paris,0,12,0
2008,1,75001,Paris,0,9,0
2008,1,75001,Paris,0,5,0
2008,4,75004,Paris,0,15,0
2008,4,75004,Paris,0,5,0
2008,18,75018,Paris,5,15,5
2008,17,75017,Paris,0,2,0
2008,18,75018,Paris,0,6,6
2009,17,75017,Paris,11,28,11
2009,18,75018,Paris,17,0,0
2010,5,75005,Paris,0,1,0
2010,11,75011,Paris,1,0,0
2010,15,75015,Paris,1,0,0
2010,18,75018,Paris,0,0,36
2010,18,75018,Paris,0,1,0
2010,15,75015,Paris,0,1,0
2010,18,75018,Paris,18,35,27
2010,3,75003,Paris,2,6,0
2010,9,75009,Paris,5,12,3
2010,20,75020,Paris,6,27,9
2010,10,75010,Paris,6,43,12
2010,18,75018,Paris,9,28,9
2011,8,75008,Paris,8,18,9
2011,1,75001,Paris,12,26,12
2011,17,75017,Paris,9,23,14
2011,13,75013,Paris,0,14,10
2011,18,75018,Paris,0,7,0
2011,18,75018,Paris,0,16,0
2011,15,75015,Paris,0,2,0
2012,11,75011,Paris,3,10,3
2012,16,75016,Paris,0,1,0
2012,5,75005,Paris,0,1,0
2012,9,75009,Paris,0,1,0
2012,16,75016,Paris,0,1,0
2012,17,75017,Paris,0,3,0
2012,13,75013,Paris,0,0,20
2012,15,75015,Paris,0,9,0
2012,15,75015,Paris,2,4,2
2013,1,75001,Paris,2,4,2
2013,15,75015,Paris,5,13,6
2013,16,75016,Paris,3,3,0
2013,14,75014,Paris,0,125,64
2013,17,75017,Paris,0,0,14
2013,18,75018,Paris,2,8,2
2013,5,75005,Paris,10,13,9
2013,9,75009,Paris,8,16,5
2013,15,75015,Paris,103,0,0
2013,17,75017,Paris,0,20,0
2013,18,75018,Paris,0,14,0
2013,13,75013,Paris,0,0,138
2013,15,75015,Paris,3,3,1
2013,17,75017,Paris,54,0,0
2013,15,75015,Paris,16,0,0
2013,17,75017,Paris,0,0,11
2014,20,75020,Paris,20,0,0
2014,12,75012,Paris,4,5,0
2014,16,75016,Paris,0,1,0
2014,2,75002,Paris,5,7,5
2014,3,75003,Paris,15,26,17
2014,4,75004,Paris,1,0,0
2014,11,75011,Paris,8,15,10
2014,13,75013,Paris,60,0,0
2014,16,75016,Paris,74,133,88
2014,17,75017,Paris,35,62,41
2014,19,75019,Paris,3,4,25
2014,19,75019,Paris,0,0,30
2015,10,75010,Paris,0,1,0
2015,20,75020,Paris,4,0,0
2015,10,75010,Paris,2,0,0
2015,4,75004,Paris,0,0,7
2015,10,75010,Paris,17,22,16
2016,15,75015,Paris,0,3,0
2016,3,75003,Paris,17,23,17
2016,15,75015,Paris,31,42,31
2016,18,75018,Paris,21,12,8
2016,20,75020,Paris,6,8,6
2016,17,75017,Paris,30,0,0
2016,9,75009,Paris,9,4,0
2016,11,75011,Paris,3,2,0
2016,5,75005,Paris,2,0,0
2016,13,75013,Paris,1,0,0
2016,15,75015,Paris,5,3,0
2017,14,75014,Paris,0,0,220
2017,15,75015,Paris,1,0,0
2017,18,75018,Paris,6,4,0
2017,12,75012,Paris,0,26,21
2017,13,75013,Paris,0,0,2
2017,15,75015,Paris,25,0,0
2017,6,75006,Paris,0,1,0
2017,19,75019,Paris,1,0,0
2018,9,75009,Paris,1,0,0
2018,12,75012,Paris,1,0,0
2018,5,75005,Paris,19,18,0
2018,12,75012,Paris,0,0,17
2018,14,75014,Paris,2,4,0
2018,15,75015,Paris,5,6,3
2018,20,75020,Paris,1,0,0
2019,18,75018,Paris,20,23,12
2019,14,75014,Paris,55,0,0
2019,11,75011,Paris,4,3,7
2019,13,75013,Paris,0,0,2
2019,9,75009,Paris,1,0,0
2019,11,75011,Paris,1,0,0
2019,11,75011,Paris,2,2,0
2019,10,75010,Paris,1,0,0
2019,16,75016,Paris,1,1,0
2020,19,75019,Paris,2,0,0
2020,10,75010,Paris,17,11,7
2020,16,75016,Paris,18,24,19
2020,10,75010,Paris,0,1,0
2020,18,75018,Paris,25,0,0
2020,19,75019,Paris,0,55,0
2020,20,75020,Paris,0,0,5
2021,20,75020,Paris,1,0,0
2021,20,75020,Paris,3,2,9
2021,11,75011,Paris,6,8,6
2021,20,75020,Paris,2,4,2
2021,15,75015,Paris,10,7,0
2021,20,75020,Paris,5,7,5
2021,12,75012,Paris,57,89,93
2022,13,75013,Paris,0,0,1
2022,18,75018,Paris,0,5,6
2022,12,75012,Paris,5,5,0
2022,11,75011,Paris,1,0,0
2022,18,75018,Paris,7,8,47
2022,18,75018,Paris,2,4,3
2022,12,75012,Paris,20,26,19
2023,16,75016,Paris,7,9,6
2023,13,75013,Paris,1,0,0
2023,12,75012,Paris,12,8,0
2023,20,75020,Paris,0,0,1
2023,18,75018,Paris,0,0,7
2023,15,75015,Paris,1,0,0
2023,11,75011,Paris,0,0,11
2023,15,75015,Paris,15,0,0
2023,19,75019,Paris,0,1,11
2023,2,75002,Paris,4,0,0
2023,13,75013,Paris,0,1,0
2023,3,75003,Paris,7,4,0
2023,1,75001,Paris,0,0,6
2023,11,75011,Paris,2,1,0
2024,12,75012,Paris,7,0,0
2024,13,75013,Paris,1,0,0
2024,20,75020,Paris,0,0,5
2024,16,75016,Paris,1,0,0
2024,20,75020,Paris,0,0,43
2024,15,75015,Paris,16,9,0
2024,15,75015,Paris,0,0,9
2024,13,75013,Paris,25,0,0
2024,19,75019,Paris,0,0,12
2024,14,75014,Paris,0,0,10
2024,11,75011,Paris,12,7,0
2001,18,75018,Paris,0,6,0
2002,12,75012,Paris,9,15,0
2002,7,75007,Paris,0,15,0
2002,15,75015,Paris,14,58,20
2002,3,75003,Paris,16,0,0
2002,3,75003,Paris,39,0,0
2002,17,75017,Paris,0,121,0
2002,15,75015,Paris,0,55,0
2002,12,75012,Paris,0,35,0
2003,20,75020,Paris,0,0,20
2003,9,75009,Paris,0,28,0
2003,20,75020,Paris,1,0,0
2004,12,75012,Paris,0,9,0
2004,18,75018,Paris,0,3,0
2004,15,75015,Paris,0,4,0
2004,18,75018,Paris,3,29,0
2004,10,75010,Paris,0,67,0
2004,10,75010,Paris,3,12,0
2004,10,75010,Paris,0,25,0
2005,12,75012,Paris,0,0,13
2005,16,75016,Paris,0,2,0
2005,5,75005,Paris,2,0,0
2005,20,75020,Paris,0,0,16
2005,13,75013,Paris,0,23,0
2005,20,75020,Paris,0,7,0
2005,18,75018,Paris,6,13,6
2005,12,75012,Paris,0,0,23
2005,18,75018,Paris,0,9,0
2005,11,75011,Paris,120,90,90
2005,15,75015,Paris,5,0,0
2005,14,75014,Paris,20,0,0
2006,12,75012,Paris,8,33,0
2006,19,75019,Paris,0,0,56
2006,13,75013,Paris,0,49,0
2006,11,75011,Paris,3,0,0
2006,18,75018,Paris,1,0,0
2006,15,75015,Paris,50,0,0
2007,12,75012,Paris,0,8,0
2007,20,75020,Paris,0,4,0
2007,13,75013,Paris,0,5,0
2007,13,75013,Paris,0,3,0
2007,18,75018,Paris,6,0,0
2007,18,75018,Paris,0,4,0
2007,14,75014,Paris,1,0,0
2007,19,75019,Paris,0,0,7
2007,20,75020,Paris,0,10,0
2007,2,75002,Paris,10,0,0
2007,7,75007,Paris,3,8,0
2007,12,75012,Paris,141,0,0
2007,10,75010,Paris,66,0,0
2007,15,75015,Paris,2,6,2
2007,18,75018,Paris,0,0,3
2007,18,75018,Paris,0,6,0
2008,20,75020,Paris,0,153,150
2008,12,75012,Paris,27,0,0
2008,13,75013,Paris,0,0,10
2008,12,75012,Paris,5,9,0
2008,12,75012,Paris,0,0,1
2008,15,75015,Paris,1,0,0
2008,1,75001,Paris,0,8,0
2008,1,75001,Paris,0,12,0
2008,11,75011,Paris,7,11,4
2008,13,75013,Paris,10,47,15
2008,5,75005,Paris,0,1,0
2008,17,75017,Paris,0,1,0
2008,17,75017,Paris,0,3,0
2008,18,75018,Paris,60,40,0
2008,20,75020,Paris,0,3,7
2008,20,75020,Paris,0,6,0
2009,20,75020,Paris,0,15,5
2009,5,75005,Paris,17,0,0
2009,3,75003,Paris,2,2,0
2009,12,75012,Paris,0,1,0
2009,12,75012,Paris,0,1,0
2009,17,75017,Paris,3,16,10
2009,16,75016,Paris,1,11,4
2009,16,75016,Paris,0,1,0
2009,17,75017,Paris,0,1,0
2009,11,75011,Paris,2,9,3
2009,17,75017,Paris,0,2,0
2009,15,75015,Paris,0,2,0
2009,20,75020,Paris,0,1,0
2009,20,75020,Paris,0,2,0
2009,15,75015,Paris,0,1,0
2009,19,75019,Paris,1,0,0
2010,13,75013,Paris,0,109,0
2010,12,75012,Paris,0,0,92
2010,17,75017,Paris,4,8,0
2010,1,75001,Paris,6,16,3
2010,5,75005,Paris,0,2,0
2010,18,75018,Paris,0,2,0
2010,12,75012,Paris,1,0,0
2010,15,75015,Paris,0,1,0
2010,20,75020,Paris,0,1,0
2010,13,75013,Paris,0,0,100
2010,18,75018,Paris,0,4,0
2010,16,75016,Paris,0,1,0
2010,11,75011,Paris,6,9,3
2010,14,75014,Paris,3,5,0
2010,10,75010,Paris,4,10,0
2010,19,75019,Paris,0,5,12
2010,18,75018,Paris,0,5,0
2010,19,75019,Paris,0,1,0
2010,15,75015,Paris,0,2,0
2010,18,75018,Paris,0,4,0
2010,18,75018,Paris,0,1,0
2010,17,75017,Paris,0,0,20
2011,15,75015,Paris,0,1,0
2011,20,75020,Paris,0,1,0
2011,1,75001,Paris,36,0,0
2011,16,75016,Paris,5,14,5
2011,20,75020,Paris,0,6,6
2011,15,75015,Paris,6,32,22
2011,12,75012,Paris,0,11,11
2011,12,75012,Paris,0,2,0
2011,20,75020,Paris,0,9,0
2011,15,75015,Paris,0,2,0
2011,15,75015,Paris,0,1,0
2011,6,75006,Paris,0,0,55
2011,5,75005,Paris,0,14,0
2011,19,75019,Paris,0,0,36
2011,18,75018,Paris,0,10,0
2011,19,75019,Paris,0,95,0
2011,20,75020,Paris,0,0,2
2012,11,75011,Paris,0,0,12
2012,9,75009,Paris,10,10,0
2012,18,75018,Paris,0,1,0
2012,20,75020,Paris,0,2,0
2012,17,75017,Paris,0,16,0
2012,17,75017,Paris,0,0,100
2012,17,75017,Paris,0,1,0
2013,10,75010,Paris,6,12,5
2013,19,75019,Paris,0,11,14
2013,19,75019,Paris,0,0,19
2013,12,75012,Paris,0,28,0
2013,15,75015,Paris,1,1,0
2013,16,75016,Paris,9,25,11
2013,20,75020,Paris,0,2,0
2013,10,75010,Paris,0,7,0
2013,14,75014,Paris,86,0,0
2013,20,75020,Paris,0,0,52
2013,10,75010,Paris,0,29,14
2013,20,75020,Paris,0,3,5
2014,17,75017,Paris,13,37,24
2014,15,75015,Paris,13,116,129
2014,15,75015,Paris,5,6,5
2014,3,75003,Paris,12,12,0
2014,19,75019,Paris,0,0,1
2014,12,75012,Paris,2,37,0
2014,14,75014,Paris,3,6,0
2014,18,75018,Paris,27,34,29
2014,18,75018,Paris,106,0,0
2014,20,75020,Paris,0,0,56
2015,10,75010,Paris,0,0,47
2015,17,75017,Paris,0,1,0
2015,19,75019,Paris,0,0,13
2015,13,75013,Paris,3,5,4
2015,16,75016,Paris,9,0,0
2015,19,75019,Paris,54,0,0
2015,17,75017,Paris,255,340,254
2015,19,75019,Paris,0,0,12
2015,10,75010,Paris,4,4,4
2015,20,75020,Paris,13,40,77
2015,18,75018,Paris,0,3,0
2015,16,75016,Paris,10,7,0
2016,17,75017,Paris,1,0,0
2016,13,75013,Paris,0,4,0
2016,11,75011,Paris,1,0,0
2016,14,75014,Paris,6,5,52
2016,20,75020,Paris,8,14,4
2016,20,75020,Paris,0,0,94
2017,20,75020,Paris,5,8,5
2017,13,75013,Paris,0,0,32
2017,18,75018,Paris,3,3,1
2017,10,75010,Paris,0,0,24
2017,15,75015,Paris,0,0,16
2017,1,75001,Paris,1,0,0
2017,3,75003,Paris,0,1,0
2017,11,75011,Paris,1,0,0
2018,18,75018,Paris,2,0,0
2018,18,75018,Paris,17,0,0
2018,3,75003,Paris,6,8,6
2018,18,75018,Paris,0,15,0
2019,18,75018,Paris,1,0,0
2019,17,75017,Paris,0,1,0
2019,13,75013,Paris,0,0,1
2019,13,75013,Paris,22,30,23
2019,14,75014,Paris,0,10,6
2020,14,75014,Paris,1,0,0
2020,4,75004,Paris,0,1,0
2020,5,75005,Paris,0,5,0
2020,12,75012,Paris,2,1,0
2020,17,75017,Paris,1,0,0
2020,12,75012,Paris,0,2,2
2020,12,75012,Paris,0,0,36
2021,14,75014,Paris,25,0,0
2021,2,75002,Paris,0,0,17
2021,19,75019,Paris,0,0,71
2021,20,75020,Paris,0,0,118
2021,9,75009,Paris,5,7,5
2022,10,75010,Paris,9,5,0
2022,13,75013,Paris,0,1,0
2022,11,75011,Paris,5,7,6
2022,14,75014,Paris,1,0,0
2022,20,75020,Paris,1,0,0
2022,6,75006,Paris,0,49,14
2022,5,75005,Paris,2,2,0
2022,18,75018,Paris,3,2,0
2023,13,75013,Paris,4,0,0
2023,19,75019,Paris,10,71,5
2023,14,75014,Paris,10,6,0
2023,5,75005,Paris,5,7,6
2024,3,75003,Paris,0,0,1
2024,13,75013,Paris,23,26,24
2024,5,75005,Paris,7,5,0
2001,11,75011,Paris,0,3,0
2001,9,75009,Paris,24,0,0
2001,9,75009,Paris,18,0,0
2001,15,75015,Paris,0,33,58
2002,11,75011,Paris,0,0,40
2002,18,75018,Paris,0,0,17
2002,20,75020,Paris,0,0,11
2002,18,75018,Paris,0,77,0
2002,20,75020,Paris,0,3,0
2002,17,75017,Paris,0,0,64
2003,19,75019,Paris,0,0,88
2003,14,75014,Paris,0,12,12
2003,10,75010,Paris,0,19,0
2003,5,75005,Paris,0,9,0
2003,12,75012,Paris,0,0,17
2004,14,75014,Paris,0,23,0
2004,15,75015,Paris,48,0,0
2004,20,75020,Paris,0,0,47
2004,11,75011,Paris,3,3,0
2005,8,75008,Paris,57,0,0
2005,12,75012,Paris,0,0,30
2005,18,75018,Paris,0,6,0
2005,14,75014,Paris,0,52,0
2006,15,75015,Paris,0,126,0
2006,15,75015,Paris,0,0,7
2006,16,75016,Paris,3,12,0
2006,20,75020,Paris,0,0,12
2006,7,75007,Paris,4,13,5
2006,15,75015,Paris,0,16,0
2006,15,75015,Paris,218,0,0
2007,20,75020,Paris,1,0,0
2007,13,75013,Paris,0,41,0
2007,18,75018,Paris,7,0,0
2007,10,75010,Paris,0,1,0
2007,15,75015,Paris,7,0,0
2007,11,75011,Paris,189,0,0
2007,10,75010,Paris,15,0,0
2007,20,75020,Paris,0,2,0
2007,13,75013,Paris,0,0,100
2007,4,75004,Paris,3,10,0
2007,18,75018,Paris,8,0,0
2007,13,75013,Paris,28,0,0
2007,2,75002,Paris,8,13,0
2007,12,75012,Paris,4,7,0
2008,2,75002,Paris,2,0,0
2008,19,75019,Paris,0,0,23
2008,4,75004,Paris,7,15,0
2008,14,75014,Paris,15,0,0
2008,14,75014,Paris,6,17,7
2008,13,75013,Paris,0,2,0
2008,15,75015,Paris,0,2,0
2008,19,75019,Paris,0,4,5
2008,1,75001,Paris,0,5,0
2008,3,75003,Paris,0,15,0
2008,3,75003,Paris,0,9,0
2008,4,75004,Paris,0,5,0
2008,11,75011,Paris,22,0,0
2008,18,75018,Paris,2,0,0
2009,10,75010,Paris,4,6,2
2009,12,75012,Paris,0,0,16
2009,13,75013,Paris,230,0,0
2009,9,75009,Paris,1,12,5
2009,19,75019,Paris,0,0,48
2009,15,75015,Paris,1,6,3
2009,12,75012,Paris,3,18,9
2009,15,75015,Paris,16,0,0
2009,11,75011,Paris,1,11,5
2009,13,75013,Paris,0,165,0
2009,11,75011,Paris,0,1,0
2009,2,75002,Paris,11,24,8
2009,9,75009,Paris,0,0,4
2009,12,75012,Paris,6,9,6
2009,20,75020,Paris,2,10,0
2009,20,75020,Paris,37,0,0
2009,13,75013,Paris,0,46,0
2010,14,75014,Paris,120,0,0
2010,18,75018,Paris,24,0,0
2010,4,75004,Paris,0,6,0
2010,20,75020,Paris,0,24,7
2010,12,75012,Paris,0,2,0
2010,17,75017,Paris,0,4,0
2010,15,75015,Paris,3,7,2
2010,18,75018,Paris,0,11,5
2010,20,75020,Paris,0,1,0
2010,20,75020,Paris,0,2,0
2011,15,75015,Paris,0,0,88
2011,20,75020,Paris,0,0,77
2011,18,75018,Paris,0,0,6
2011,15,75015,Paris,0,4,3
2011,1,75001,Paris,0,28,0
2011,9,75009,Paris,3,5,2
2011,19,75019,Paris,0,11,0
2011,13,75013,Paris,0,14,0
2011,20,75020,Paris,0,6,0
2012,20,75020,Paris,0,2,0
2012,10,75010,Paris,1,7,6
2012,13,75013,Paris,0,1,0
2012,15,75015,Paris,2,0,0
2012,15,75015,Paris,1,0,0
2012,16,75016,Paris,0,1,0
2012,20,75020,Paris,0,0,23
2012,17,75017,Paris,0,0,40
2012,19,75019,Paris,5,0,0
2012,17,75017,Paris,0,0,103
2012,17,75017,Paris,0,89,0
2012,18,75018,Paris,0,18,0
2012,20,75020,Paris,0,1,0
2013,13,75013,Paris,225,0,0
2013,9,75009,Paris,6,13,4
2013,18,75018,Paris,4,8,4
2013,19,75019,Paris,2,6,6
2013,18,75018,Paris,1,0,0
2013,15,75015,Paris,1,0,0
2013,18,75018,Paris,17,42,26
2013,19,75019,Paris,0,4,4
2013,20,75020,Paris,0,0,53
2013,20,75020,Paris,0,0,5
2013,20,75020,Paris,0,0,26
2013,11,75011,Paris,0,4,0
2013,19,75019,Paris,0,0,198
2014,17,75017,Paris,12,14,3
2014,20,75020,Paris,0,1,0
2014,12,75012,Paris,0,140,0
2014,13,75013,Paris,7,25,32
2014,18,75018,Paris,7,3,3
2014,6,75006,Paris,0,0,21
2014,8,75008,Paris,1,16,0
2014,11,75011,Paris,0,1,0
2015,13,75013,Paris,0,1,0
2015,19,75019,Paris,2,0,0
2015,11,75011,Paris,20,12,9
2015,9,75009,Paris,1,0,0
2015,18,75018,Paris,0,128,112
2015,15,75015,Paris,20,28,20
2016,17,75017,Paris,2,0,0
2016,7,75007,Paris,5,5,0
2016,18,75018,Paris,4,3,0
2016,19,75019,Paris,0,0,21
2016,19,75019,Paris,0,5,0
2016,9,75009,Paris,3,0,0
2016,17,75017,Paris,5,2,9
2016,19,75019,Paris,0,0,51
2016,12,75012,Paris,1,0,0
2016,10,75010,Paris,1,0,0
2017,14,75014,Paris,0,0,38
2017,13,75013,Paris,15,22,15
2017,2,75002,Paris,3,3,2
2017,15,75015,Paris,4,4,0
2017,10,75010,Paris,2,2,2
2017,5,75005,Paris,1,0,0
2017,6,75006,Paris,0,1,0
2017,17,75017,Paris,3,3,0
2017,9,75009,Paris,3,2,4
2018,15,75015,Paris,0,2,0
2018,18,75018,Paris,0,2,0
2018,11,75011,Paris,2,0,0
2018,18,75018,Paris,1,0,0
2018,20,75020,Paris,0,0,1
2018,17,75017,Paris,0,0,64
2018,20,75020,Paris,0,0,4
2018,20,75020,Paris,1,0,0
2018,11,75011,Paris,0,2,0
2018,11,75011,Paris,7,5,0
2018,20,75020,Paris,0,103,0
2018,20,75020,Paris,0,0,1
2018,15,75015,Paris,5,0,0
2019,17,75017,Paris,1,0,0
2019,19,75019,Paris,0,0,14
2019,18,75018,Paris,6,7,6
2019,12,75012,Paris,1,0,0
2020,18,75018,Paris,0,0,7
2020,20,75020,Paris,1,0,0
2020,17,75017,Paris,1,0,0
2020,20,75020,Paris,0,0,13
2020,13,75013,Paris,0,0,1
2020,13,75013,Paris,0,1,0
2020,14,75014,Paris,1,0,0
2020,15,75015,Paris,14,19,14
2021,18,75018,Paris,2,2,2
2021,14,75014,Paris,0,5,2
2021,13,75013,Paris,0,0,1
2021,11,75011,Paris,8,10,8
2021,14,75014,Paris,0,0,22
2021,10,75010,Paris,6,8,6
2021,5,75005,Paris,10,7,0
2021,3,75003,Paris,3,2,0
2022,2,75002,Paris,2,1,0
2022,14,75014,Paris,2,2,1
2022,18,75018,Paris,1,2,1
2022,19,75019,Paris,0,0,6
2022,20,75020,Paris,3,4,2
2023,18,75018,Paris,16,19,17
2023,12,75012,Paris,0,0,31
2023,10,75010,Paris,5,6,5
2023,1,75001,Paris,0,12,11
2024,13,75013,Paris,0,0,1
2024,8,75008,Paris,0,0,6
2024,6,75006,Paris,15,10,0
2024,12,75012,Paris,6,5,4
2024,15,75015,Paris,9,0,0
2001,18,75018,Paris,41,0,0
2001,18,75018,Paris,0,12,0
2001,9,75009,Paris,1,0,0
2002,20,75020,Paris,0,22,0
2002,10,75010,Paris,8,0,0
2002,9,75009,Paris,5,10,0
2002,5,75005,Paris,0,57,0
2003,9,75009,Paris,0,25,0
2003,11,75011,Paris,0,0,28
2003,3,75003,Paris,25,50,0
2003,18,75018,Paris,0,15,0
2004,19,75019,Paris,0,6,0
2004,20,75020,Paris,0,4,0
2004,13,75013,Paris,0,0,48
2004,16,75016,Paris,4,15,4
2004,12,75012,Paris,95,244,77
2005,1,75001,Paris,2,2,0
2005,17,75017,Paris,0,0,45
2005,7,75007,Paris,0,0,37
2005,15,75015,Paris,10,0,0
2005,18,75018,Paris,0,10,0
2005,14,75014,Paris,0,7,0
2005,18,75018,Paris,4,6,0
2005,19,75019,Paris,10,20,50
2005,15,75015,Paris,6,0,0
2005,11,75011,Paris,0,0,10
2006,12,75012,Paris,3,0,0
2006,13,75013,Paris,0,13,11
2006,9,75009,Paris,0,27,0
2006,19,75019,Paris,0,0,100
2006,11,75011,Paris,0,12,0
2006,15,75015,Paris,0,16,0
2006,15,75015,Paris,0,20,0
2006,19,75019,Paris,0,0,9
2007,12,75012,Paris,0,12,6
2007,4,75004,Paris,0,4,0
2007,15,75015,Paris,0,5,0
2007,13,75013,Paris,0,0,8
2007,10,75010,Paris,30,0,0
2007,19,75019,Paris,0,0,13
2007,17,75017,Paris,0,0,0
2007,10,75010,Paris,0,0,10
2007,10,75010,Paris,9,14,0
2007,17,75017,Paris,0,12,0
2007,17,75017,Paris,0,1,0
2007,20,75020,Paris,0,10,0
2007,18,75018,Paris,0,11,11
2007,18,75018,Paris,5,0,5
2007,18,75018,Paris,0,0,7
2007,18,75018,Paris,0,3,0
2007,16,75016,Paris,0,2,0
2008,17,75017,Paris,15,0,0
2008,13,75013,Paris,0,3,3
2008,13,75013,Paris,0,1,0
2008,18,75018,Paris,0,0,0
2008,15,75015,Paris,0,1,0
2008,13,75013,Paris,0,1,0
2008,14,75014,Paris,24,0,0
2008,18,75018,Paris,35,0,0
2008,15,75015,Paris,0,89,0
2008,1,75001,Paris,0,15,0
2008,18,75018,Paris,3,3,0
2008,20,75020,Paris,2,0,0
2008,14,75014,Paris,2,8,0
2008,18,75018,Paris,2,6,4
2008,18,75018,Paris,0,12,0
2008,20,75020,Paris,2,0,0
2009,20,75020,Paris,0,7,0
2009,6,75006,Paris,0,10,2
2009,15,75015,Paris,1,9,4
2009,18,75018,Paris,2,9,3
2009,19,75019,Paris,0,0,22
2009,17,75017,Paris,0,2,0
2009,20,75020,Paris,0,3,0
2009,19,75019,Paris,0,184,0
2009,15,75015,Paris,0,0,22
2009,15,75015,Paris,0,9,4
2009,11,75011,Paris,0,4,0
2009,13,75013,Paris,0,1,0
2009,15,75015,Paris,0,12,5
2009,19,75019,Paris,0,8,14
2009,15,75015,Paris,25,70,32
2009,15,75015,Paris,4,9,4
2009,18,75018,Paris,0,2,0
2009,15,75015,Paris,0,4,0
2009,17,75017,Paris,0,1,0
2009,12,75012,Paris,60,0,0
2010,12,75012,Paris,35,0,0
2010,14,75014,Paris,1,0,0
2010,16,75016,Paris,2,15,5
2010,9,75009,Paris,2,4,0
2010,20,75020,Paris,0,1,0
2010,12,75012,Paris,3,19,9
2010,20,75020,Paris,54,0,0
2010,11,75011,Paris,25,0,0
2010,19,75019,Paris,0,3,4
2010,20,75020,Paris,0,8,4
2010,20,75020,Paris,0,0,18
2011,2,75002,Paris,0,4,0
2011,17,75017,Paris,0,2,0
2011,4,75004,Paris,0,93,0
2011,9,75009,Paris,48,0,0
2011,17,75017,Paris,3,8,3
2011,19,75019,Paris,0,8,4
2011,20,75020,Paris,0,0,19
2011,13,75013,Paris,0,0,6
2011,12,75012,Paris,2,0,0
2011,20,75020,Paris,59,0,0
2012,15,75015,Paris,0,0,7
2012,16,75016,Paris,1,0,0
2012,18,75018,Paris,1,0,0
2012,20,75020,Paris,0,5,0
2012,15,75015,Paris,0,1,0
2012,14,75014,Paris,0,8,0
2012,13,75013,Paris,17,0,0
2012,17,75017,Paris,28,70,42
2012,20,75020,Paris,0,56,0
2012,18,75018,Paris,0,3,0
2012,19,75019,Paris,0,131,0
2012,17,75017,Paris,63,0,0
2012,2,75002,Paris,13,0,0
2012,4,75004,Paris,0,1,0
2012,13,75013,Paris,0,1,0
2013,15,75015,Paris,1,6,4
2013,10,75010,Paris,0,1,0
2013,19,75019,Paris,0,1,0
2013,12,75012,Paris,1,2,2
2013,19,75019,Paris,0,30,191
2014,5,75005,Paris,17,16,0
2014,20,75020,Paris,0,0,10
2015,10,75010,Paris,1,0,0
2015,14,75014,Paris,0,29,0
2015,19,75019,Paris,0,0,13
2015,11,75011,Paris,2,0,0
2015,11,75011,Paris,5,7,0
2015,14,75014,Paris,7,7,0
2015,3,75003,Paris,4,0,0
2015,10,75010,Paris,5,6,4
2015,15,75015,Paris,14,8,6
2015,20,75020,Paris,0,0,6
2015,18,75018,Paris,10,18,16
2015,14,75014,Paris,22,0,0
2015,14,75014,Paris,6,0,0
2016,20,75020,Paris,12,47,56
2016,20,75020,Paris,0,3,3
2016,10,75010,Paris,0,0,7
2016,11,75011,Paris,1,0,0
2016,12,75012,Paris,42,69,28
2016,19,75019,Paris,0,0,2
2016,9,75009,Paris,1,0,0
2016,12,75012,Paris,1,0,0
2016,18,75018,Paris,2,2,2
2016,20,75020,Paris,0,1,0
2016,1,75001,Paris,12,5,0
2017,14,75014,Paris,4,2,0
2017,19,75019,Paris,0,5,15
2017,17,75017,Paris,9,9,0
2017,18,75018,Paris,2,2,3
2017,13,75013,Paris,0,0,12
2017,18,75018,Paris,38,25,0
2017,15,75015,Paris,4,2,2
2017,17,75017,Paris,0,0,14
2018,5,75005,Paris,7,17,0
2018,9,75009,Paris,2,0,0
2018,15,75015,Paris,1,0,0
2018,15,75015,Paris,8,7,2
2018,20,75020,Paris,5,7,5
2018,15,75015,Paris,144,86,57
2018,10,75010,Paris,7,5,0
2018,13,75013,Paris,0,0,9
2018,12,75012,Paris,27,0,0
2018,13,75013,Paris,0,36,24
2018,13,75013,Paris,0,47,69
2019,15,75015,Paris,1,0,0
2019,20,75020,Paris,1,0,0
2019,13,75013,Paris,1,0,0
2019,20,75020,Paris,0,0,2
2020,19,75019,Paris,0,0,4
2020,20,75020,Paris,0,0,3
2020,18,75018,Paris,1,0,0
2020,11,75011,Paris,1,0,0
2020,13,75013,Paris,4,0,0
2020,17,75017,Paris,0,8,22
2021,18,75018,Paris,59,0,0
2021,20,75020,Paris,4,5,3
2021,11,75011,Paris,12,8,0
2021,20,75020,Paris,0,0,39
2022,13,75013,Paris,1,2,2
2022,1,75001,Paris,4,6,4
2022,15,75015,Paris,1,0,0
2022,15,75015,Paris,0,0,14
2022,17,75017,Paris,3,2,0
2022,20,75020,Paris,6,5,6
2022,19,75019,Paris,1,0,0
2022,18,75018,Paris,0,39,0
2023,4,75004,Paris,10,0,0
2023,14,75014,Paris,2,5,3
2023,20,75020,Paris,0,0,1
2023,16,75016,Paris,4,0,0
2023,18,75018,Paris,0,0,13
2023,15,75015,Paris,1,1,0
2023,12,75012,Paris,30,30,27
2024,13,75013,Paris,0,1,0
2001,10,75010,Paris,94,0,0
2001,8,75008,Paris,18,0,0
2001,20,75020,Paris,40,0,0
2001,12,75012,Paris,0,34,0
2002,5,75005,Paris,4,12,0
2002,17,75017,Paris,31,0,0
2002,14,75014,Paris,1,0,0
2002,20,75020,Paris,0,10,0
2002,14,75014,Paris,0,20,0
2002,20,75020,Paris,0,0,8
2002,15,75015,Paris,0,0,46
2003,11,75011,Paris,0,34,17
2003,18,75018,Paris,0,33,0
2003,18,75018,Paris,0,31,0
2004,18,75018,Paris,2,21,0
2004,14,75014,Paris,1,0,0
2004,2,75002,Paris,2,3,0
2004,11,75011,Paris,29,0,0
2004,15,75015,Paris,5,0,0
2004,20,75020,Paris,0,0,64
2004,12,75012,Paris,0,64,0
2004,18,75018,Paris,0,0,10
2005,19,75019,Paris,0,5,5
2005,12,75012,Paris,0,4,0
2005,12,75012,Paris,0,40,0
2005,18,75018,Paris,0,8,0
2005,18,75018,Paris,27,0,0
2005,18,75018,Paris,0,18,0
2005,10,75010,Paris,0,0,2
2006,12,75012,Paris,0,13,0
2006,13,75013,Paris,0,28,29
2006,13,75013,Paris,50,0,0
2006,19,75019,Paris,0,0,132
2006,17,75017,Paris,29,0,0
2006,12,75012,Paris,3,27,0
2006,11,75011,Paris,0,0,62
2007,11,75011,Paris,0,8,0
2007,19,75019,Paris,46,0,0
2007,18,75018,Paris,0,0,13
2007,14,75014,Paris,0,0,9
2007,11,75011,Paris,0,9,8
2007,17,75017,Paris,0,0,6
2007,19,75019,Paris,98,0,0
2007,4,75004,Paris,5,4,0
2007,14,75014,Paris,11,40,0
2007,19,75019,Paris,0,4,4
2007,10,75010,Paris,5,6,0
2007,12,75012,Paris,0,7,0
2007,15,75015,Paris,0,2,0
2008,11,75011,Paris,10,16,0
2008,13,75013,Paris,7,11,4
2008,17,75017,Paris,2,4,0
2008,11,75011,Paris,0,32,0
2008,10,75010,Paris,0,1,0
2008,1,75001,Paris,0,5,0
2008,4,75004,Paris,0,8,0
2008,17,75017,Paris,0,1,0
2008,18,75018,Paris,0,15,0
2008,20,75020,Paris,3,17,0
2008,18,75018,Paris,9,16,9
2009,2,75002,Paris,7,11,0
2009,11,75011,Paris,2,11,5
2009,10,75010,Paris,3,6,0
2009,4,75004,Paris,1,23,10
2009,20,75020,Paris,0,0,60
2009,5,75005,Paris,25,0,0
2009,20,75020,Paris,14,0,0
2009,13,75013,Paris,0,5,0
2009,10,75010,Paris,5,11,0
2009,19,75019,Paris,0,4,9
2010,8,75008,Paris,2,7,2
2010,9,75009,Paris,0,1,0
2010,12,75012,Paris,1,0,0
2010,11,75011,Paris,4,67,17
2010,16,75016,Paris,47,0,0
2010,15,75015,Paris,0,4,0
2010,19,75019,Paris,9,37,47
2010,19,75019,Paris,0,130,0
2010,18,75018,Paris,2,4,0
2010,20,75020,Paris,0,1,0
2010,18,75018,Paris,0,0,0
2011,12,75012,Paris,0,4,0
2011,13,75013,Paris,0,1,0
2011,17,75017,Paris,0,55,0
2011,18,75018,Paris,3,6,3
2011,5,75005,Paris,0,6,0
2011,17,75017,Paris,60,0,0
2011,19,75019,Paris,4,0,26
2011,18,75018,Paris,0,19,0
2011,12,75012,Paris,32,0,0
2012,3,75003,Paris,2,5,2
2012,14,75014,Paris,0,2,0
2012,15,75015,Paris,0,1,0
2012,18,75018,Paris,0,64,0
2012,20,75020,Paris,0,1,0
2012,5,75005,Paris,2,8,2
2012,16,75016,Paris,0,9,0
2012,13,75013,Paris,0,0,19
2012,15,75015,Paris,2,2,2
2012,11,75011,Paris,0,15,0
2012,18,75018,Paris,3,3,2
2012,11,75011,Paris,7,8,2
2012,10,75010,Paris,1,4,0
2012,10,75010,Paris,4,10,0
2012,7,75007,Paris,0,0,50
2013,12,75012,Paris,0,1,0
2013,15,75015,Paris,0,1,0
2013,18,75018,Paris,0,0,24
2013,13,75013,Paris,43,42,0
2013,10,75010,Paris,0,2,0
2013,13,75013,Paris,0,0,13
2013,16,75016,Paris,0,2,0
2013,17,75017,Paris,0,7,0
2014,11,75011,Paris,2,5,0
2014,15,75015,Paris,0,1,0
2014,18,75018,Paris,19,0,0
2014,15,75015,Paris,0,0,12
2014,13,75013,Paris,0,1,0
2014,4,75004,Paris,4,7,4
2014,17,75017,Paris,10,187,0
2015,20,75020,Paris,1,0,0
2015,10,75010,Paris,0,1,0
2015,10,75010,Paris,0,1,0
2015,10,75010,Paris,0,1,0
2015,10,75010,Paris,0,1,0
2015,16,75016,Paris,36,49,37
2015,15,75015,Paris,49,0,0
2015,18,75018,Paris,3,4,3
2015,17,75017,Paris,18,0,0
2015,14,75014,Paris,0,0,35
2015,19,75019,Paris,0,0,9
2015,17,75017,Paris,10,9,0
2015,18,75018,Paris,7,10,7
2015,20,75020,Paris,0,0,12
2016,15,75015,Paris,1,7,0
2016,14,75014,Paris,11,12,0
2016,11,75011,Paris,11,7,5
2016,8,75008,Paris,3,0,0
2016,14,75014,Paris,6,5,0
2016,11,75011,Paris,6,12,4
2017,15,75015,Paris,0,2,0
2017,19,75019,Paris,0,0,66
2017,7,75007,Paris,14,9,0
2017,10,75010,Paris,2,2,1
2017,15,75015,Paris,0,0,22
2017,18,75018,Paris,4,6,4
2017,19,75019,Paris,4,8,4
2017,4,75004,Paris,0,1,0
2017,12,75012,Paris,171,165,86
2018,19,75019,Paris,0,0,36
2018,10,75010,Paris,10,6,3
2018,11,75011,Paris,1,0,0
2018,16,75016,Paris,22,0,0
2018,19,75019,Paris,0,0,16
2018,11,75011,Paris,4,2,0
2018,12,75012,Paris,5,7,5
2018,16,75016,Paris,9,6,0
2018,18,75018,Paris,19,11,10
2018,18,75018,Paris,0,33,0
2018,20,75020,Paris,0,0,1
2018,20,75020,Paris,0,0,1
2018,20,75020,Paris,0,0,14
2019,4,75004,Paris,13,0,0
2019,15,75015,Paris,60,0,0
2019,11,75011,Paris,1,0,0
2019,17,75017,Paris,1,0,0
2019,10,75010,Paris,16,16,16
2019,20,75020,Paris,0,0,35
2019,15,75015,Paris,0,2,0
2020,10,75010,Paris,1,0,0
2020,13,75013,Paris,1,0,0
2020,15,75015,Paris,8,8,0
2020,16,75016,Paris,1,0,0
2020,17,75017,Paris,24,0,0
2020,17,75017,Paris,17,11,0
2020,9,75009,Paris,7,9,7
2020,9,75009,Paris,0,4,4
2021,2,75002,Paris,15,12,5
2021,13,75013,Paris,0,0,1
2021,18,75018,Paris,1,1,5
2021,14,75014,Paris,0,0,10
2021,14,75014,Paris,9,8,0
2021,13,75013,Paris,2,0,0
2021,11,75011,Paris,1,0,0
2022,4,75004,Paris,1,1,1
2022,17,75017,Paris,22,15,0
2022,20,75020,Paris,0,1,0
2022,11,75011,Paris,1,0,0
2022,18,75018,Paris,0,65,0
2022,20,75020,Paris,6,8,6
2023,19,75019,Paris,0,0,115
2023,17,75017,Paris,1,0,0
2023,18,75018,Paris,5,6,3
2023,10,75010,Paris,0,0,10
2023,20,75020,Paris,11,11,9
2023,11,75011,Paris,28,28,25
2024,15,75015,Paris,21,13,8
2024,19,75019,Paris,0,0,45
